un_no,psn,haz_class,sub_class,pg,nos,symbols
UN1088,Acetal,3,,II,N,
UN1089,Acetaldehyde,3,,I,N,
UN1841,Acetaldehyde ammonia,9,,III,N,A
UN2332,Acetaldehyde oxime,3,,III,N,
UN2789,"Acetic acid, glacial or Acetic acid solution, with more than 80 percent acid, by mass",8,3,II,N,
UN2790,"Acetic acid solution, not less than 50 percent but not more than 80 percent acid, by mass",8,,II,N,
UN2790,"Acetic acid solution, with more than 10 percent and less than 50 percent acid, by mass",8,,III,N,
UN1715,Acetic anhydride,8,3,II,N,
UN1090,Acetone,3,,II,N,
UN1541,"Acetone cyanohydrin, stabilized",6.1,,I,N,
UN1091,Acetone oils,3,,II,N,
UN1648,Acetonitrile,3,,II,N,
UN1716,Acetyl bromide,8,,II,N,
UN1717,Acetyl chloride,3,8,II,N,
UN1898,Acetyl iodide,8,,II,N,
UN2621,Acetyl methyl carbinol,3,,III,N,
UN1001,"Acetylene, dissolved",2.1,,,N,
UN2713,Acridine,6.1,,III,N,
UN2607,"Acrolein dimer, stabilized",3,,III,N,
UN1092,"Acrolein, stabilized",6.1,3,I,N,
UN2074,"Acrylamide, solid",6.1,,III,N,
UN3426,Acrylamide solution,6.1,,III,N,
UN2218,"Acrylic acid, stabilized",8,3,II,N,
UN1093,"Acrylonitrile, stabilized",3,6.1,I,N,
UN1133,"Adhesives, containing a flammable liquid",3,,I,N,
UN1133,"Adhesives, containing a flammable liquid",3,,II,N,
UN1133,"Adhesives, containing a flammable liquid",3,,III,N,
UN2205,Adiponitrile,6.1,,III,N,
UN3511,"Adsorbed gas, n.o.s",2.2,,,Y,G
UN3510,"Adsorbed gas, flammable, n.o.s",2.1,,,Y,G
UN3513,"Adsorbed gas, oxidizing, n.o.s",2.2,5.1,,Y,G
UN3512,"Adsorbed gas, toxic, n.o.s. Inhalation hazard zone A",2.3,,,Y,G
UN3512,"Adsorbed gas, toxic, n.o.s. Inhalation hazard zone B",2.3,,,Y,G
UN3512,"Adsorbed gas, toxic, n.o.s. Inhalation hazard zone C",2.3,,,Y,G
UN3512,"Adsorbed gas, toxic, n.o.s. Inhalation hazard zone D",2.3,,,Y,G
UN3516,"Adsorbed gas, toxic, corrosive, n.o.s. Inhalation hazard zone A",2.3,8,,Y,G
UN3516,"Adsorbed gas, toxic, corrosive, n.o.s. Inhalation hazard zone B",2.3,8,,Y,G
UN3516,"Adsorbed gas, toxic, corrosive, n.o.s. Inhalation hazard zone C",2.3,8,,Y,G
UN3516,"Adsorbed gas, toxic, corrosive, n.o.s. Inhalation hazard zone D",2.3,8,,Y,G
UN3514,"Adsorbed gas, toxic, flammable, n.o.s. Inhalation hazard zone A",2.3,2.1,,Y,G
UN3514,"Adsorbed gas, toxic, flammable, n.o.s. Inhalation hazard zone B",2.3,2.1,,Y,G
UN3514,"Adsorbed gas, toxic, flammable, n.o.s. Inhalation hazard zone C",2.3,2.1,,Y,G
UN3514,"Adsorbed gas, toxic, flammable, n.o.s. Inhalation hazard zone D",2.3,2.1,,Y,G
UN3517,"Adsorbed gas, toxic, flammable, corrosive, n.o.s. Inhalation hazard zone A",2.3,"2.1,8",,Y,G
UN3517,"Adsorbed gas, toxic, flammable, corrosive, n.o.s. Inhalation hazard zone B",2.3,"2.1,8",,Y,G
UN3517,"Adsorbed gas, toxic, flammable, corrosive, n.o.s. Inhalation hazard zone C",2.3,"2.1,8",,Y,G
UN3517,"Adsorbed gas, toxic, flammable, corrosive, n.o.s. Inhalation hazard zone D",2.3,"2.1,8",,Y,G
UN3515,"Adsorbed gas, toxic, oxidizing, n.o.s. Inhalation hazard zone A",2.3,5.1,,Y,G
UN3515,"Adsorbed gas, toxic, oxidizing, n.o.s. Inhalation hazard zone B",2.3,5.1,,Y,G
UN3515,"Adsorbed gas, toxic, oxidizing, n.o.s. Inhalation hazard zone C",2.3,5.1,,Y,G
UN3515,"Adsorbed gas, toxic, oxidizing, n.o.s. Inhalation hazard zone D",2.3,5.1,,Y,G
UN3518,"Adsorbed gas, toxic, oxidizing, corrosive, n.o.s. Inhalation hazard zone A",2.3,"5.1,8",,Y,G
UN3518,"Adsorbed gas, toxic, oxidizing, corrosive, n.o.s. Inhalation hazard zone B",2.3,"5.1,8",,Y,G
UN3518,"Adsorbed gas, toxic, oxidizing, corrosive, n.o.s. Inhalation hazard zone C",2.3,"5.1,8",,Y,G
UN3518,"Adsorbed gas, toxic, oxidizing, corrosive, n.o.s. Inhalation hazard zone D",2.3,"5.1,8",,Y,G
UN1950,"Aerosols, corrosive, Packing Group II or III, (each not exceeding 1 L capacity)",2.2,8,,N,
UN1950,"Aerosols, flammable, (each not exceeding 1 L capacity)",2.1,,,N,
UN1950,"Aerosols, flammable, n.o.s. (engine starting fluid) (each not exceeding 1 L capacity)",2.1,,,Y,
UN1950,"Aerosols, non-flammable, (each not exceeding 1 L capacity)",2.2,,,N,
UN1950,"Aerosols, poison, Packing Group III (each not exceeding 1 L capacity)",2.2,6.1,,N,
UN1002,"Air, compressed",2.2,,,N,
UN1003,"Air, refrigerated liquid, (cryogenic liquid)",2.2,5.1,,N,
UN1003,"Air, refrigerated liquid, (cryogenic liquid) non-pressurized",2.2,5.1,,N,
UN3165,Aircraft hydraulic power unit fuel tank (containing a mixture of anhydrous hydrazine and monomethyl hydrazine) (M86 fuel),3,"6.1,8",I,N,
UN3274,"Alcoholates solution, n.o.s., in alcohol",3,8,II,Y,G
UN3065,Alcoholic beverages,3,,II,N,
UN3065,Alcoholic beverages,3,,III,N,
UN1987,"Alcohols, n.o.s.",3,,I,Y,
UN1987,"Alcohols, n.o.s.",3,,II,Y,
UN1987,"Alcohols, n.o.s.",3,,III,Y,
UN1986,"Alcohols, flammable, toxic n.o.s",3,6.1,I,Y,G
UN1986,"Alcohols, flammable, toxic n.o.s",3,6.1,II,Y,G
UN1986,"Alcohols, flammable, toxic n.o.s",3,6.1,III,Y,G
UN1989,"Aldehydes, n.o.s.",3,,I,Y,
UN1989,"Aldehydes, n.o.s.",3,,II,Y,
UN1989,"Aldehydes, n.o.s.",3,,III,Y,
UN1988,"Aldehydes, flammable, toxic, n.o.s.",3,6.1,I,Y,G
UN1988,"Aldehydes, flammable, toxic, n.o.s.",3,6.1,II,Y,G
UN1988,"Aldehydes, flammable, toxic, n.o.s.",3,6.1,III,Y,G
UN2839,Aldol,6.1,,II,N,
UN3206,"Alkali metal alcoholates, self-heating, corrosive, n.o.s.",4.2,8,II,Y,G
UN3206,"Alkali metal alcoholates, self-heating, corrosive, n.o.s.",4.2,8,III,Y,G
UN1421,"Alkali metal alloys, liquid, n.o.s",4.3,,I,Y,
UN1389,"Alkali metal amalgam, liquid",4.3,,I,N,
UN3401,"Alkali metal amalgam, solid",4.3,,I,N,
UN1390,Alkali metal amides,4.3,,II,N,
UN3482,"Alkali metal dispersions, flammable or Alkaline earth metal dispersions, flammable",4.3,3,I,N,
UN1391,"Alkali metal dispersions, or Alkaline earth metal dispersions",4.3,,I,N,
UN3205,"Alkaline earth metal alcoholates, n.o.s",4.2,,II,Y,G
UN3205,"Alkaline earth metal alcoholates, n.o.s",4.2,,III,Y,G
UN1393,"Alkaline earth metal alloys, n.o.s",4.3,,II,Y,
UN1392,"Alkaline earth metal amalgams, liquid",4.3,,I,N,
UN3402,"Alkaline earth metal amalgams, solid",4.3,,I,N,
UN3140,"Alkaloids, liquid, n.o.s., or Alkaloid salts, liquid, n.o.s.",6.1,,I,Y,G
UN3140,"Alkaloids, liquid, n.o.s., or Alkaloid salts, liquid, n.o.s.",6.1,,II,Y,G
UN3140,"Alkaloids, liquid, n.o.s., or Alkaloid salts, liquid, n.o.s.",6.1,,III,Y,G
UN1544,"Alkaloids, solid, n.o.s. or Alkaloid salts, solid, n.o.s. poisonous",6.1,,I,Y,G
UN1544,"Alkaloids, solid, n.o.s. or Alkaloid salts, solid, n.o.s. poisonous",6.1,,II,Y,G
UN1544,"Alkaloids, solid, n.o.s. or Alkaloid salts, solid, n.o.s. poisonous",6.1,,III,Y,G
UN2584,"Alkyl sulfonic acids, liquid or Aryl sulfonic acids, liquid with more than 5 percent free sulfuric acid",8,,II,N,
UN2586,"Alkyl sulfonic acids, liquid or Aryl sulfonic acids, liquid with not more than 5 percent free sulfuric acid",8,,III,N,
UN2583,"Alkyl sulfonic acids, solid or Aryl sulfonic acids, solid, with more than 5 percent free sulfuric acid",8,,II,N,
UN2585,"Alkyl sulfonic acids, solid or Aryl sulfonic acids, solid with not more than 5 percent free sulfuric acid",8,,III,N,
UN3145,"Alkylphenols, liquid, n.o.s. (including C2-C12 homologues)",8,,I,Y,
UN3145,"Alkylphenols, liquid, n.o.s. (including C2-C12 homologues)",8,,II,Y,
UN3145,"Alkylphenols, liquid, n.o.s. (including C2-C12 homologues)",8,,III,Y,
UN2430,"Alkylphenols, solid, n.o.s. (including C2-C12 homologues)",8,,I,Y,
UN2430,"Alkylphenols, solid, n.o.s. (including C2-C12 homologues)",8,,II,Y,
UN2430,"Alkylphenols, solid, n.o.s. (including C2-C12 homologues)",8,,III,Y,
UN2571,Alkylsulfuric acids,8,,II,N,
UN2333,Allyl acetate,3,6.1,II,N,
UN1098,Allyl alcohol,6.1,3,I,N,
UN1099,Allyl bromide,3,6.1,I,N,
UN1100,Allyl chloride,3,6.1,I,N,
UN1722,Allyl chloroformate,6.1,"3,8",I,N,
UN2335,Allyl ethyl ether,3,6.1,II,N,
UN2336,Allyl formate,3,6.1,I,N,
UN2219,Allyl glycidyl ether,3,,III,N,
UN1723,Allyl iodide,3,8,II,N,
UN1545,"Allyl isothiocyanate, stabilized",6.1,3,II,N,
UN2334,Allylamine,6.1,3,I,N,
UN1724,"Allyltrichlorosilane, stabilized",8,3,II,N,
UN2870,Aluminum borohydride or Aluminum borohydride in devices,4.2,4.3,I,N,
UN1725,"Aluminum bromide, anhydrous",8,,II,N,
UN2580,"Aluminum bromide, solution",8,,III,N,
UN1394,Aluminum carbide,4.3,,II,N,
UN1726,"Aluminum chloride, anhydrous",8,,II,N,
UN2581,"Aluminum chloride, solution",8,,III,N,
UN1395,Aluminum ferrosilicon powder,4.3,6.1,II,N,
UN1395,Aluminum ferrosilicon powder,4.3,6.1,III,N,
UN2463,Aluminum hydride,4.3,,I,N,
NA9260,"Aluminum, molten",9,,III,N,D
UN1438,Aluminum nitrate,5.1,,III,N,
UN1397,Aluminum phosphide,4.3,6.1,I,N,
UN3048,Aluminum phosphide pesticides,6.1,,I,N,
UN1309,"Aluminum powder, coated",4.1,,II,N,
UN1309,"Aluminum powder, coated",4.1,,III,N,
UN1396,"Aluminum powder, uncoated",4.3,,II,N,
UN1396,"Aluminum powder, uncoated",4.3,,III,N,
UN2715,Aluminum resinate,4.1,,III,N,
UN1398,"Aluminum silicon powder, uncoated",4.3,,III,N,
UN3170,Aluminum smelting by-products or Aluminum remelting by-products,4.3,,II,N,
UN3170,Aluminum smelting by-products or Aluminum remelting by-products,4.3,,III,N,
UN2733,"Amine, flammable, corrosive, n.o.s. or Polyamines, flammable, corrosive, n.o.s",3,8,I,Y,G
UN2733,"Amine, flammable, corrosive, n.o.s. or Polyamines, flammable, corrosive, n.o.s",3,8,II,Y,G
UN2733,"Amine, flammable, corrosive, n.o.s. or Polyamines, flammable, corrosive, n.o.s",3,8,III,Y,G
UN2734,"Amine, liquid, corrosive, flammable, n.o.s. or Polyamines, liquid, corrosive, flammable, n.o.s.",8,3,I,Y,G
UN2734,"Amine, liquid, corrosive, flammable, n.o.s. or Polyamines, liquid, corrosive, flammable, n.o.s.",8,3,II,Y,G
UN2735,"Amines, liquid, corrosive, n.o.s. or Polyamines, liquid, corrosive, n.o.s",8,,I,Y,G
UN2735,"Amines, liquid, corrosive, n.o.s. or Polyamines, liquid, corrosive, n.o.s",8,,II,Y,G
UN2735,"Amines, liquid, corrosive, n.o.s. or Polyamines, liquid, corrosive, n.o.s",8,,III,Y,G
UN3259,"Amines, solid, corrosive, n.o.s., or Polyamines, solid, corrosive n.o.s.",8,,I,Y,G
UN3259,"Amines, solid, corrosive, n.o.s., or Polyamines, solid, corrosive n.o.s.",8,,II,Y,G
UN3259,"Amines, solid, corrosive, n.o.s., or Polyamines, solid, corrosive n.o.s.",8,,III,Y,G
UN2673,2-Amino-4-chlorophenol,6.1,,II,N,
UN2946,2-Amino-5-diethylaminopentane,6.1,,III,N,
UN3317,"2-Amino-4,6-Dinitrophenol, wetted with not less than 20 percent water by mass",4.1,,I,N,
UN3055,2-(2-Aminoethoxy) ethanol,8,,III,N,
UN2815,N-Aminoethylpiperazine,8,6.1,III,N,
UN2512,Aminophenols (o-; m-; p-),6.1,,III,N,+
UN2671,Aminopyridines (o-; m-; p-),6.1,,II,N,
UN1005,"Ammonia, anhydrous",2.3,8,,N,I
UN1005,"Ammonia, anhydrous",2.2,,,N,D
UN2073,"Ammonia solution, relative density less than 0.880 at 15 degrees C in water, with more than 35 percent but not more than 50 percent ammonia",2.2,,,N,
UN2672,"Ammonia solution, relative density between 0.880 and 0.957 at 15 degrees C in water, with more than 10 percent but not more than 35 percent ammonia",8,,III,N,
UN3318,"Ammonia solution, relative density less than 0.880 at 15 degrees C in water, with more than 50 percent ammonia",2.3,8,,N,I
UN3318,"Ammonia solution, relative density less than 0.880 at 15 degrees C in water, with more than 50 percent ammonia",2.2,,,N,D
UN1546,Ammonium arsenate,6.1,,II,N,
UN1439,Ammonium dichromate,5.1,,II,N,
UN1843,"Ammonium dinitro-o-cresolate, solid",6.1,,II,N,
UN3424,Ammonium dinitro-o-cresolate solution,6.1,,II,N,
UN3424,Ammonium dinitro-o-cresolate solution,6.1,,III,N,
UN2505,Ammonium fluoride,6.1,,III,N,
UN2854,Ammonium fluorosilicate,6.1,,III,N,
UN2506,Ammonium hydrogen sulfate,8,,II,N,
UN1727,"Ammonium hydrogendifluoride, solid",8,,II,N,
UN2817,"Ammonium hydrogendifluoride, solution",8,6.1,II,N,
UN2817,"Ammonium hydrogendifluoride, solution",8,6.1,III,N,
UN2859,Ammonium metavanadate,6.1,,II,N,
UN2067,Ammonium nitrate based fertilizer,5.1,,III,N,
UN2071,Ammonium nitrate based fertilizer,9,,III,N,A W
UN3375,"Ammonium nitrate emulsion or Ammonium nitrate suspension or Ammonium nitrate gel, intermediate for blasting explosives",5.1,,II,N,
NA0331,Ammonium nitrate-fuel oil mixture containing only prilled ammonium nitrate and fuel oil,1.5D,,,N,
UN2426,"Ammonium nitrate, liquid (hot concentrated solution)",5.1,,,N,
UN0222,"Ammonium nitrate, with more than 0.2 percent combustible substances, including any organic substance calculated as carbon, to the exclusion of any other added substance",1.1D,,,N,
UN1942,"Ammonium nitrate, with not more than 0.2% combustible substances, including any organic substance calculated as carbon, to the exclusion of any other added substance",5.1,,III,N,
UN0402,Ammonium perchlorate,1.1D,,,N,
UN1442,Ammonium perchlorate,5.1,,II,N,
UN1444,Ammonium persulfate,5.1,,III,N,
UN0004,"Ammonium picrate, dry or wetted with less than 10 percent water, by mass",1.1D,,,N,
UN1310,"Ammonium picrate, wetted with not less than 10 percent water, by mass",4.1,,I,N,
UN2818,"Ammonium polysulfide, solution",8,6.1,II,N,
UN2818,"Ammonium polysulfide, solution",8,6.1,III,N,
UN2861,Ammonium polyvanadate,6.1,,II,N,
UN2683,Ammonium sulfide solution,8,"6.1,3",II,N,
UN0171,"Ammunition, illuminating with or without burster, expelling charge or propelling charge",1.2G,,,N,
UN0254,"Ammunition, illuminating with or without burster, expelling charge or propelling charge",1.3G,,,N,
UN0297,"Ammunition, illuminating with or without burster, expelling charge or propelling charge",1.4G,,,N,
UN0247,"Ammunition, incendiary liquid or gel, with burster, expelling charge or propelling charge",1.3J,,,N,
UN0243,"Ammunition, incendiary, white phosphorus, with burster, expelling charge or propelling charge",1.2H,,,N,
UN0244,"Ammunition, incendiary, white phosphorus, with burster, expelling charge or propelling charge",1.3H,,,N,
UN0009,"Ammunition, incendiary with or without burster, expelling charge, or propelling charge",1.2G,,,N,
UN0010,"Ammunition, incendiary with or without burster, expelling charge, or propelling charge",1.3G,,,N,
UN0300,"Ammunition, incendiary with or without burster, expelling charge or propelling charge",1.4G,,,N,
UN0362,"Ammunition, practice",1.4G,,,N,
UN0488,"Ammunition, practice",1.3G,,,N,
UN0363,"Ammunition, proof",1.4G,,,N,
UN0245,"Ammunition smoke, white phosphorus with burster, expelling charge, or propelling charge",1.2H,,,N,
UN0246,"Ammunition, smoke, white phosphorus with burster, expelling charge, or propelling charge",1.3H,,,N,
UN0015,"Ammunition, smoke with or without burster, expelling charge or propelling charge",1.2G,,,N,
UN0016,"Ammunition, smoke with or without burster, expelling charge or propelling charge",1.3G,,,N,
UN0303,"Ammunition, smoke with or without burster, expelling charge or propelling charge",1.4G,,,N,
UN2017,"Ammunition, tear-producing, non-explosive, without burster or expelling charge, non-fuzed",6.1,8,,N,
UN0018,"Ammunition, tear-producing with burster, expelling charge or propelling charge",1.2G,"8,6.1",,N,
UN0019,"Ammunition, tear-producing with burster, expelling charge or propelling charge",1.3G,"8,6.1",,N,
UN0301,"Ammunition, tear-producing with burster, expelling charge or propelling charge",1.4G,"8,6.1",,N,
UN2016,"Ammunition, toxic, non-explosive, without burster or expelling charge, non-fuzed",6.1,,,N,
UN0020,"Ammunition, toxic with burster, expelling charge, or propelling charge",1.2K,6.1,,N,G
UN0021,"Ammunition, toxic with burster, expelling charge, or propelling charge",1.3K,6.1,,N,G
UN1104,Amyl acetates,3,,III,N,
UN2819,Amyl acid phosphate,8,,III,N,
UN2620,Amyl butyrates,3,,III,N,
UN1107,Amyl chloride,3,,II,N,
UN1109,Amyl formates,3,,III,N,
UN1111,Amyl mercaptan,3,,II,N,
UN1110,n-Amyl methyl ketone,3,,III,N,
UN1112,Amyl nitrate,3,,III,N,
UN1113,Amyl nitrite,3,,II,N,
UN1106,Amylamines,3,8,II,N,
UN1106,Amylamines,3,8,III,N,
UN1728,Amyltrichlorosilane,8,,II,N,
UN1547,Aniline,6.1,,II,N,+
UN1548,Aniline hydrochloride,6.1,,III,N,
UN2431,Anisidines,6.1,,III,N,
UN2222,Anisole,3,,III,N,
UN1729,Anisoyl chloride,8,,II,N,
UN3141,"Antimony compounds, inorganic, liquid, n.o.s",6.1,,III,Y,G
UN1549,"Antimony compounds, inorganic, solid, n.o.s",6.1,,III,Y,G
UN1550,Antimony lactate,6.1,,III,N,
UN1730,"Antimony pentachloride, liquid",8,,II,N,
UN1731,"Antimony pentachloride, solutions",8,,II,N,
UN1731,"Antimony pentachloride, solutions",8,,III,N,
UN1732,Antimony pentafluoride,8,6.1,II,N,
UN1551,Antimony potassium tartrate,6.1,,III,N,
UN2871,Antimony powder,6.1,,III,N,
UN1733,"Antimony trichloride, liquid",8,,II,N,
UN1733,"Antimony trichloride, solid",8,,II,N,
UN1006,"Argon, compressed",2.2,,,N,
UN1951,"Argon, refrigerated liquid (cryogenic liquid)",2.2,,,N,
UN1558,Arsenic,6.1,,II,N,
UN1553,"Arsenic acid, liquid",6.1,,I,N,
UN1554,"Arsenic acid, solid",6.1,,II,N,
UN1555,Arsenic bromide,6.1,,II,N,
UN1556,"Arsenic compounds, liquid, n.o.s. inorganic, including arsenates, n.o.s.; arsenites, n.o.s.; arsenic sulfides, n.o.s.; and organic compounds of arsenic, n.o.s",6.1,,I,Y,G
UN1556,"Arsenic compounds, liquid, n.o.s. inorganic, including arsenates, n.o.s.; arsenites, n.o.s.; arsenic sulfides, n.o.s.; and organic compounds of arsenic, n.o.s",6.1,,II,Y,G
UN1556,"Arsenic compounds, liquid, n.o.s. inorganic, including arsenates, n.o.s.; arsenites, n.o.s.; arsenic sulfides, n.o.s.; and organic compounds of arsenic, n.o.s",6.1,,III,Y,G
UN1557,"Arsenic compounds, solid, n.o.s. inorganic, including arsenates, n.o.s.; arsenites, n.o.s.; arsenic sulfides, n.o.s.; and organic compounds of arsenic, n.o.s",6.1,,I,Y,G
UN1557,"Arsenic compounds, solid, n.o.s. inorganic, including arsenates, n.o.s.; arsenites, n.o.s.; arsenic sulfides, n.o.s.; and organic compounds of arsenic, n.o.s",6.1,,II,Y,G
UN1557,"Arsenic compounds, solid, n.o.s. inorganic, including arsenates, n.o.s.; arsenites, n.o.s.; arsenic sulfides, n.o.s.; and organic compounds of arsenic, n.o.s",6.1,,III,Y,G
UN1559,Arsenic pentoxide,6.1,,II,N,
UN1560,Arsenic trichloride,6.1,,I,N,
UN1561,Arsenic trioxide,6.1,,II,N,
UN1562,Arsenical dust,6.1,,II,N,
UN2760,"Arsenical pesticides, liquid, flammable, toxic, flash point less than 23 degrees C",3,6.1,I,N,
UN2760,"Arsenical pesticides, liquid, flammable, toxic, flash point less than 23 degrees C",3,6.1,II,N,
UN2994,"Arsenical pesticides, liquid, toxic",6.1,,I,N,
UN2994,"Arsenical pesticides, liquid, toxic",6.1,,II,N,
UN2994,"Arsenical pesticides, liquid, toxic",6.1,,III,N,
UN2993,"Arsenical pesticides, liquid, toxic, flammable, flash point not less than 23 degrees C",6.1,3,I,N,
UN2993,"Arsenical pesticides, liquid, toxic, flammable, flash point not less than 23 degrees C",6.1,3,II,N,
UN2993,"Arsenical pesticides, liquid, toxic, flammable, flash point not less than 23 degrees C",6.1,3,III,N,
UN2759,"Arsenical pesticides, solid, toxic",6.1,,I,N,
UN2759,"Arsenical pesticides, solid, toxic",6.1,,II,N,
UN2759,"Arsenical pesticides, solid, toxic",6.1,,III,N,
UN2188,Arsine,2.3,2.1,,N,
UN3522,"Arsine, adsorbed",2.3,2.1,,N,
UN3542,"Articles containing a substance liable to spontaneous combustion, n.o.s.",4.2,,,Y,G
UN3543,"Articles containing a substance which in contact with water emits flammable gases, n.o.s.",4.3,,,Y,G
UN3547,"Articles containing corrosive substance, n.o.s.",8,,,Y,G
UN3537,"Articles containing flammable gas, n.o.s.",2.1,,,Y,G
UN3540,"Articles containing flammable liquid, n.o.s.",3,,,Y,G
UN3541,"Articles containing flammable solid, n.o.s.",4.1,,,Y,G
UN3548,"Articles containing miscellaneous dangerous goods, n.o.s.",9,,,Y,G
UN3538,"Articles containing non-flammable, non-toxic gas, n.o.s.",2.2,,,Y,G
UN3545,"Articles containing organic peroxide, n.o.s.",5.2,,,Y,G
UN3544,"Articles containing oxidizing substance, n.o.s.",5.1,,,Y,G
UN3539,"Articles containing toxic gas, n.o.s.",2.3,,,Y,G
UN3546,"Articles containing toxic substance, n.o.s.",6.1,,,Y,G
UN0486,"Articles, explosive, extremely insensitive or Articles, EEI",1.6N,,,N,
UN0349,"Articles, explosive, n.o.s",1.4S,,,Y,G
UN0350,"Articles, explosive, n.o.s.",1.4B,,,Y,G
UN0351,"Articles, explosive, n.o.s.",1.4C,,,Y,G
UN0352,"Articles, explosive, n.o.s.",1.4D,,,Y,G
UN0353,"Articles, explosive, n.o.s.",1.4G,,,Y,G
UN0354,"Articles, explosive, n.o.s.",1.1L,,,Y,G
UN0355,"Articles, explosive, n.o.s.",1.2L,,,Y,G
UN0356,"Articles, explosive, n.o.s.",1.3L,,,Y,G
UN0462,"Articles, explosive, n.o.s",1.1C,,,Y,G
UN0463,"Articles, explosive, n.o.s",1.1D,,,Y,G
UN0464,"Articles, explosive, n.o.s",1.1E,,,Y,G
UN0465,"Articles, explosive, n.o.s",1.1F,,,Y,G
UN0466,"Articles, explosive, n.o.s",1.2C,,,Y,G
UN0467,"Articles, explosive, n.o.s",1.2D,,,Y,G
UN0468,"Articles, explosive, n.o.s",1.2E,,,Y,G
UN0469,"Articles, explosive, n.o.s",1.2F,,,Y,G
UN0470,"Articles, explosive, n.o.s",1.3C,,,Y,G
UN0471,"Articles, explosive, n.o.s.",1.4E,,,Y,G
UN0472,"Articles, explosive, n.o.s",1.4F,,,Y,G
UN3164,"Articles, pressurized pneumatic or hydraulic containing non-flammable gas",2.2,,,N,
UN0380,"Articles, pyrophoric",1.2L,,,N,
UN0428,"Articles, pyrotechnic for technical purposes",1.1G,,,N,
UN0429,"Articles, pyrotechnic for technical purposes",1.2G,,,N,
UN0430,"Articles, pyrotechnic for technical purposes",1.3G,,,N,
UN0431,"Articles, pyrotechnic for technical purposes",1.4G,,,N,
UN0432,"Articles, pyrotechnic for technical purposes",1.4S,,,N,
NA2212,Asbestos,9,,III,N,D
UN2212,"Asbestos, amphibole amosite, tremolite, actinolite, anthophyllite, or crocidolite",9,,II,N,G I
UN2590,"Asbestos, chrysotile",9,,III,N,I
NA1999,"Asphalt, at or above its flash point",3,,III,N,D
UN3334,"Aviation regulated liquid, n.o.s",9,,,Y,"A, G"
UN3335,"Aviation regulated solid, n.o.s",9,,,Y,"A, G"
UN3242,Azodicarbonamide,4.1,,II,N,
UN1400,Barium,4.3,,II,N,
UN1854,"Barium alloys, pyrophoric",4.2,,I,N,
UN0224,"Barium azide, dry or wetted with less than 50 percent water, by mass",1.1A,6.1,,N,
UN1571,"Barium azide, wetted with not less than 50 percent water, by mass",4.1,6.1,I,N,
UN2719,Barium bromate,5.1,6.1,II,N,
UN1445,"Barium chlorate, solid",5.1,6.1,II,N,
UN3405,"Barium chlorate, solution",5.1,6.1,II,N,
UN3405,"Barium chlorate, solution",5.1,6.1,III,N,
UN1564,"Barium compounds, n.o.s",6.1,,II,Y,G
UN1564,"Barium compounds, n.o.s",6.1,,III,Y,G
UN1565,Barium cyanide,6.1,,I,N,
UN2741,Barium hypochlorite with more than 22 percent available chlorine,5.1,6.1,II,N,
UN1446,Barium nitrate,5.1,6.1,II,N,
UN1884,Barium oxide,6.1,,III,N,
UN1447,"Barium perchlorate, solid",5.1,6.1,II,N,
UN3406,"Barium perchlorate, solution",5.1,6.1,II,N,
UN3406,"Barium perchlorate, solution",5.1,6.1,III,N,
UN1448,Barium permanganate,5.1,6.1,II,N,
UN1449,Barium peroxide,5.1,6.1,II,N,
UN3292,"Batteries, containing sodium",4.3,,,N,
UN3028,"Batteries, dry, containing potassium hydroxide solid, electric storage",8,,,N,
UN3496,"Batteries, nickel-metal hydride see Batteries, dry, sealed, n.o.s. for nickel-metal hydride batteries transported by modes other than vessel",9,,,Y,W
UN2794,"Batteries, wet, filled with acid, electric storage",8,,,N,
UN2795,"Batteries, wet, filled with alkali, electric storage",8,,,N,
UN2800,"Batteries, wet, non-spillable, electric storage",8,,,N,
UN2796,"Battery fluid, acid",8,,II,N,
UN2797,"Battery fluid, alkali",8,,II,N,
UN3171,Battery-powered vehicle or Battery-powered equipment,9,,,N,
UN1990,Benzaldehyde,9,,III,N,+
UN1114,Benzene,3,,II,N,
UN2225,Benzene sulfonyl chloride,8,,III,N,
UN1885,Benzidine,6.1,,II,N,
UN2224,Benzonitrile,6.1,,II,N,
UN2587,Benzoquinone,6.1,,II,N,
UN2226,Benzotrichloride,8,,II,N,
UN2338,Benzotrifluoride,3,,II,N,
UN1736,Benzoyl chloride,8,,II,N,
UN1737,Benzyl bromide,6.1,8,II,N,
UN1738,Benzyl chloride,6.1,8,II,N,
UN1738,Benzyl chloride unstabilized,6.1,8,II,N,
UN1739,Benzyl chloroformate,8,,I,N,
UN2653,Benzyl iodide,6.1,,II,N,
UN2619,Benzyldimethylamine,8,3,II,N,
UN1886,Benzylidene chloride,6.1,,II,N,
UN1566,"Beryllium compounds, n.o.s",6.1,,II,Y,G
UN1566,"Beryllium compounds, n.o.s",6.1,,III,Y,G
UN2464,Beryllium nitrate,5.1,6.1,II,N,
UN1567,"Beryllium, powder",6.1,4.1,II,N,
UN2251,"Bicyclo [2,2,1] hepta-2,5-diene, stabilized or 2,5-Norbornadiene, stabilized",3,,II,N,
UN3373,"Biological substance, Category B",6.2,,,N,
UN2782,"Bipyridilium pesticides, liquid, flammable, toxic, flash point less than 23 degrees C",3,6.1,I,N,
UN2782,"Bipyridilium pesticides, liquid, flammable, toxic, flash point less than 23 degrees C",3,6.1,II,N,
UN3016,"Bipyridilium pesticides, liquid, toxic",6.1,,I,N,
UN3016,"Bipyridilium pesticides, liquid, toxic",6.1,,II,N,
UN3016,"Bipyridilium pesticides, liquid, toxic",6.1,,III,N,
UN3015,"Bipyridilium pesticides, liquid, toxic, flammable, flash point not less than 23 degrees C",6.1,3,I,N,
UN3015,"Bipyridilium pesticides, liquid, toxic, flammable, flash point not less than 23 degrees C",6.1,3,II,N,
UN3015,"Bipyridilium pesticides, liquid, toxic, flammable, flash point not less than 23 degrees C",6.1,3,III,N,
UN2781,"Bipyridilium pesticides, solid, toxic",6.1,,I,N,
UN2781,"Bipyridilium pesticides, solid, toxic",6.1,,II,N,
UN2781,"Bipyridilium pesticides, solid, toxic",6.1,,III,N,
UN2837,"Bisulfate, aqueous solution",8,,II,N,
UN2837,"Bisulfate, aqueous solution",8,,III,N,
UN2693,"Bisulfites, aqueous solutions, n.o.s.",8,,III,Y,
UN0028,"Black powder, compressed or Gunpowder, compressed or Black powder, in pellets or Gunpowder, in pellets",1.1D,,,N,
UN0027,"Black powder or Gunpowder, granular or as a meal",1.1D,,,N,
NA0027,Black powder for small arms,4.1,,I,N,D
UN0037,"Bombs, photo-flash",1.1F,,,N,
UN0038,"Bombs, photo-flash",1.1D,,,N,
UN0039,"Bombs, photo-flash",1.2G,,,N,
UN0299,"Bombs, photo-flash",1.3G,,,N,
UN2028,"Bombs, smoke, non-explosive, with corrosive liquid, without initiating device",8,,II,N,
UN0033,"Bombs, with bursting charge",1.1F,,,N,
UN0034,"Bombs, with bursting charge",1.1D,,,N,
UN0035,"Bombs, with bursting charge",1.2D,,,N,
UN0291,"Bombs, with bursting charge",1.2F,,,N,
UN0399,"Bombs with flammable liquid, with bursting charge",1.1J,,,N,
UN0400,"Bombs with flammable liquid, with bursting charge",1.2J,,,N,
UN0225,Boosters with detonator,1.1B,,,N,
UN0268,Boosters with detonator,1.2B,,,N,
UN0042,"Boosters, without detonator",1.1D,,,N,
UN0283,"Boosters, without detonator",1.2D,,,N,
UN1312,Borneol,4.1,,III,N,
UN2692,Boron tribromide,8,6.1,I,N,+
UN1741,Boron trichloride,2.3,8,,N,
UN1008,Boron trifluoride,2.3,8,,N,
UN1742,"Boron trifluoride acetic acid complex, liquid",8,,II,N,
UN3419,"Boron trifluoride acetic acid complex, solid",8,,II,N,
UN3519,"Boron trifluoride, adsorbed",2.3,8,,N,
UN2604,Boron trifluoride diethyl etherate,8,3,I,N,
UN2851,Boron trifluoride dihydrate,8,,II,N,
UN2965,Boron trifluoride dimethyl etherate,4.3,"8,3",I,N,
UN1743,"Boron trifluoride propionic acid complex, liquid",8,,II,N,
UN3420,"Boron trifluoride propionic acid complex, solid",8,,II,N,
UN3213,"Bromates, inorganic, aqueous solution, n.o.s",5.1,,II,Y,G
UN3213,"Bromates, inorganic, aqueous solution, n.o.s",5.1,,III,Y,G
UN1450,"Bromates, inorganic, n.o.s",5.1,,II,Y,G
UN1744,Bromine,8,6.1,I,N,+
UN2901,Bromine chloride,2.3,"8,5.1",,N,
UN1745,Bromine pentafluoride,5.1,"6.1,8",I,N,+
UN1744,Bromine solutions,8,6.1,I,N,+
UN1744,Bromine solutions,8,6.1,I,N,+
UN1746,Bromine trifluoride,5.1,"6.1,8",I,N,+
UN2688,1-Bromo-3-chloropropane,6.1,,III,N,
UN2341,1-Bromo-3-methylbutane,3,,III,N,
UN3241,"2-Bromo-2-nitropropane-1,3-diol",4.1,,III,N,
UN3425,"Bromoacetic acid, solid",8,,II,N,
UN1938,Bromoacetic acid solution,8,,II,N,
UN1938,Bromoacetic acid solution,8,,III,N,
UN1569,Bromoacetone,6.1,3,II,N,+
UN2513,Bromoacetyl bromide,8,,II,N,
UN2514,Bromobenzene,3,,III,N,
UN1694,"Bromobenzyl cyanides, liquid",6.1,,I,N,
UN3449,"Bromobenzyl cyanides, solid",6.1,,I,N,
UN1126,1-Bromobutane,3,,II,N,
UN2339,2-Bromobutane,3,,II,N,
UN1887,Bromochloromethane,6.1,,III,N,
UN2340,2-Bromoethyl ethyl ether,3,,II,N,
UN2515,Bromoform,6.1,,III,N,
UN2342,Bromomethylpropanes,3,,II,N,
UN2343,2-Bromopentane,3,,II,N,
UN2344,Bromopropanes,3,,II,N,
UN2344,Bromopropanes,3,,III,N,
UN2345,3-Bromopropyne,3,,II,N,
UN2419,Bromotrifluoroethylene,2.1,,,N,
UN1009,"Bromotrifluoromethane or Refrigerant gas, R 13B1.",2.2,,,N,
UN1570,Brucine,6.1,,I,N,
UN0043,"Bursters, explosive",1.1D,,,N,
UN1010,"Butadienes, stabilized or Butadienes and Hydrocarbon mixture, stabilized containing more than 40% butadienes",2.1,,,N,
UN1011,"Butane see also Petroleum gases, liquefied",2.1,,,N,
UN2346,Butanedione,3,,II,N,
UN1120,Butanols,3,,II,N,
UN1120,Butanols,3,,III,N,
UN1123,Butyl acetates,3,,II,N,
UN1123,Butyl acetates,3,,III,N,
UN1718,Butyl acid phosphate,8,,III,N,
UN2348,"Butyl acrylates, stabilized",3,,III,N,
UN2709,Butyl benzenes,3,,III,N,
UN2743,n-Butyl chloroformate,6.1,"8,3",I,N,
UN1128,n-Butyl formate,3,,II,N,
UN3255,tert-Butyl hypochlorite,4.2,8,I,N,
UN2690,N-n-Butyl imidazole,6.1,,II,N,
UN2484,tert-Butyl isocyanate,6.1,3,I,N,
UN2485,n-Butyl isocyanate,6.1,3,I,N,
UN2347,Butyl mercaptan,3,,II,N,
UN2227,"n-Butyl methacrylate, stabilized",3,,III,N,
UN2350,Butyl methyl ether,3,,II,N,
UN2351,Butyl nitrites,3,,I,N,
UN2351,Butyl nitrites,3,,II,N,
UN2351,Butyl nitrites,3,,III,N,
UN1914,Butyl propionates,3,,III,N,
UN2956,"5-tert-Butyl-2,4,6-trinitro-m-xylene or Musk xylene",4.1,,III,N,
UN2352,"Butyl vinyl ether, stabilized",3,,II,N,
UN1125,n-Butylamine,3,8,II,N,
UN2738,N-Butylaniline,6.1,,II,N,
UN2747,tert-Butylcyclohexylchloroformate,6.1,,III,N,
UN1012,"Butylene see also Petroleum gases, liquefied",2.1,,,N,
UN3022,"1,2-Butylene oxide, stabilized",3,,II,N,
UN2667,Butyltoluenes,6.1,,III,N,
UN1747,Butyltrichlorosilane,8,3,II,N,
UN2716,"1,4-Butynediol",6.1,,III,N,
UN1129,Butyraldehyde,3,,II,N,
UN2840,Butyraldoxime,3,,III,N,
UN2820,Butyric acid,8,,III,N,
UN2739,Butyric anhydride,8,,III,N,
UN2411,Butyronitrile,3,6.1,II,N,
UN2353,Butyryl chloride,3,8,II,N,
UN1572,Cacodylic acid,6.1,,II,N,
UN2570,Cadmium compounds,6.1,,I,N,G
UN2570,Cadmium compounds,6.1,,II,N,G
UN2570,Cadmium compounds,6.1,,III,N,G
UN2682,Caesium hydroxide,8,,II,N,
UN2681,Caesium hydroxide solution,8,,II,N,
UN2681,Caesium hydroxide solution,8,,III,N,
UN1401,Calcium,4.3,,II,N,
UN1573,Calcium arsenate,6.1,,II,N,
UN1574,"Calcium arsenate and calcium arsenite, mixtures, solid",6.1,,II,N,
UN1402,Calcium carbide,4.3,,I,N,
UN1402,Calcium carbide,4.3,,II,N,
UN1452,Calcium chlorate,5.1,,II,N,
UN2429,Calcium chlorate aqueous solution,5.1,,II,N,
UN2429,Calcium chlorate aqueous solution,5.1,,III,N,
UN1453,Calcium chlorite,5.1,,II,N,
UN1403,Calcium cyanamide with more than 0.1 percent of calcium carbide,4.3,,III,N,
UN1575,Calcium cyanide,6.1,,I,N,
UN1923,Calcium dithionite or Calcium hydrosulfite,4.2,,II,N,
UN1404,Calcium hydride,4.3,,I,N,
UN3485,"Calcium hypochlorite, dry, corrosive or Calcium hypochlorite mixture, dry, corrosive with more than 39% available chlorine (8.8% available oxygen)",5.1,8,II,N,
UN1748,"Calcium hypochlorite, dry or Calcium hypochlorite mixture dry with more than 39% available chlorine (8.8% available oxygen)",5.1,,II,N,
UN1748,"Calcium hypochlorite, dry or Calcium hypochlorite mixture dry with more than 39% available chlorine (8.8% available oxygen)",5.1,,III,N,
UN3487,"Calcium hypochlorite, hydrated, corrosive or Calcium hypochlorite, hydrated mixture, corrosive with not less than 5.5% but not more than 16% water",5.1,8,II,N,
UN3487,"Calcium hypochlorite, hydrated, corrosive or Calcium hypochlorite, hydrated mixture, corrosive with not less than 5.5% but not more than 16% water",5.1,8,III,N,
UN2880,"Calcium hypochlorite, hydrated or Calcium hypochlorite, hydrated mixture, with not less than 5.5% but not more than 16% water",5.1,,II,N,
UN2880,"Calcium hypochlorite, hydrated or Calcium hypochlorite, hydrated mixture, with not less than 5.5% but not more than 16% water",5.1,,III,N,
UN3486,"Calcium hypochlorite mixture, dry, corrosive with more than 10% but not more than 39% available chlorine",5.1,8,III,N,
UN2208,"Calcium hypochlorite mixture, dry, with more than 10% but not more than 39% available chlorine",5.1,,III,N,
UN2844,Calcium manganese silicon,4.3,,III,N,
UN1454,Calcium nitrate,5.1,,III,N,
UN1910,Calcium oxide,8,,III,N,A
UN1455,Calcium perchlorate,5.1,,II,N,
UN1456,Calcium permanganate,5.1,,II,N,
UN1457,Calcium peroxide,5.1,,II,N,
UN1360,Calcium phosphide,4.3,6.1,I,N,
UN1855,"Calcium, pyrophoric or Calcium alloys, pyrophoric",4.2,,I,N,
UN1313,Calcium resinate,4.1,,III,N,
UN1314,"Calcium resinate, fused",4.1,,III,N,
UN1405,Calcium silicide,4.3,,II,N,
UN1405,Calcium silicide,4.3,,III,N,
UN1130,Camphor oil,3,,III,N,
UN2717,"Camphor, synthetic",4.1,,III,N,
UN3508,"Capacitor, asymmetric with an energy storage capacity greater than 0.3 Wh",9,,,N,
UN3499,"Capacitor, electric double layer with an energy storage capacity greater than 0.3 Wh",9,,,N,
UN2829,Caproic acid,8,,III,N,
UN2758,"Carbamate pesticides, liquid, flammable, toxic, flash point less than 23 degrees C",3,6.1,I,N,
UN2758,"Carbamate pesticides, liquid, flammable, toxic, flash point less than 23 degrees C",3,6.1,II,N,
UN2992,"Carbamate pesticides, liquid, toxic",6.1,,I,N,
UN2992,"Carbamate pesticides, liquid, toxic",6.1,,II,N,
UN2992,"Carbamate pesticides, liquid, toxic",6.1,,III,N,
UN2991,"Carbamate pesticides, liquid, toxic, flammable, flash point not less than 23 degrees C",6.1,3,I,N,
UN2991,"Carbamate pesticides, liquid, toxic, flammable, flash point not less than 23 degrees C",6.1,3,II,N,
UN2991,"Carbamate pesticides, liquid, toxic, flammable, flash point not less than 23 degrees C",6.1,3,III,N,
UN2757,"Carbamate pesticides, solid, toxic",6.1,,I,N,
UN2757,"Carbamate pesticides, solid, toxic",6.1,,II,N,
UN2757,"Carbamate pesticides, solid, toxic",6.1,,III,N,
UN1362,"Carbon, activated",4.2,,III,N,I
UN1361,"Carbon, animal or vegetable origin",4.2,,II,N,I
UN1361,"Carbon, animal or vegetable origin",4.2,,III,N,I
UN1013,Carbon dioxide,2.2,,,N,
UN2187,"Carbon dioxide, refrigerated liquid",2.2,,,N,
UN1845,"Carbon dioxide, solid or Dry ice",9,,,N,A W
UN1131,Carbon disulfide,3,6.1,I,N,
UN1016,"Carbon monoxide, compressed",2.3,2.1,,N,
NA9202,"Carbon monoxide, refrigerated liquid (cryogenic liquid)",2.3,2.1,,N,D
UN2516,Carbon tetrabromide,6.1,,III,N,
UN1846,Carbon tetrachloride,6.1,,II,N,
UN2417,Carbonyl fluoride,2.3,8,,N,
UN2204,Carbonyl sulfide,2.3,2.1,,N,
UN0049,"Cartridges, flash",1.1G,,,N,
UN0050,"Cartridges, flash",1.3G,,,N,
UN0326,"Cartridges for weapons, blank",1.1C,,,N,
UN0413,"Cartridges for weapons, blank",1.2C,,,N,
UN0327,"Cartridges for weapons, blank or Cartridges, small arms, blank",1.3C,,,N,
UN0338,"Cartridges for weapons, blank or Cartridges, small arms, blank",1.4C,,,N,
UN0014,"Cartridges for weapons, blank or Cartridges, small arms, blank or Cartridges for tools, blank",1.4S,,,N,
UN0328,"Cartridges for weapons, inert projectile",1.2C,,,N,
UN0012,"Cartridges for weapons, inert projectile or Cartridges, small arms",1.4S,,,N,
UN0339,"Cartridges for weapons, inert projectile or Cartridges, small arms",1.4C,,,N,
UN0417,"Cartridges for weapons, inert projectile or Cartridges, small arms",1.3C,,,N,
UN0005,"Cartridges for weapons, with bursting charge",1.1F,,,N,
UN0006,"Cartridges for weapons, with bursting charge",1.1E,,,N,
UN0007,"Cartridges for weapons, with bursting charge",1.2F,,,N,
UN0321,"Cartridges for weapons, with bursting charge",1.2E,,,N,
UN0348,"Cartridges for weapons, with bursting charge",1.4F,,,N,
UN0412,"Cartridges for weapons, with bursting charge",1.4E,,,N,
UN0277,"Cartridges, oil well",1.3C,,,N,
UN0278,"Cartridges, oil well",1.4C,,,N,
UN0275,"Cartridges, power device",1.3C,,,N,
UN0276,"Cartridges, power device",1.4C,,,N,
UN0323,"Cartridges, power device",1.4S,,,N,
UN0381,"Cartridges, power device",1.2C,,,N,
UN0054,"Cartridges, signal",1.3G,,,N,
UN0312,"Cartridges, signal",1.4G,,,N,
UN0405,"Cartridges, signal",1.4S,,,N,
UN0055,"Cases, cartridge, empty with primer",1.4S,,,N,
UN0379,"Cases, cartridges, empty with primer",1.4C,,,N,
UN0446,"Cases, combustible, empty, without primer",1.4C,,,N,
UN0447,"Cases, combustible, empty, without primer",1.3C,,,N,
UN2969,Castor beans or Castor meal or Castor pomace or Castor flake,9,,II,N,A W
UN1719,"Caustic alkali liquids, n.o.s.",8,,II,Y,G
UN1719,"Caustic alkali liquids, n.o.s.",8,,III,Y,G
UN3292,"Cells, containing sodium",4.3,,,N,
UN2000,"Celluloid, in block, rods, rolls, sheets, tubes, etc., except scrap",4.1,,III,N,
UN2002,"Celluloid, scrap",4.2,,III,N,
UN1333,"Cerium, slabs, ingots, or rods",4.1,,II,N,
UN3078,"Cerium, turnings or gritty powder",4.3,,II,N,
UN1407,Cesium or Caesium,4.3,,I,N,
UN1451,Cesium nitrate or Caesium nitrate,5.1,,III,N,
NA1361,"Charcoal briquettes, shell, screenings, wood, etc.",4.2,,III,N,D
UN0457,"Charges, bursting, plastics bonded",1.1D,,,N,
UN0458,"Charges, bursting, plastics bonded",1.2D,,,N,
UN0459,"Charges, bursting, plastics bonded",1.4D,,,N,
UN0460,"Charges, bursting, plastics bonded",1.4S,,,N,
UN0048,"Charges, demolition",1.1D,,,N,
UN0056,"Charges, depth",1.1D,,,N,
UN0442,"Charges, explosive, commercial without detonator",1.1D,,,N,
UN0443,"Charges, explosive, commercial without detonator",1.2D,,,N,
UN0444,"Charges, explosive, commercial without detonator",1.4D,,,N,
UN0445,"Charges, explosive, commercial without detonator",1.4S,,,N,
UN0271,"Charges, propelling",1.1C,,,N,
UN0272,"Charges, propelling",1.3C,,,N,
UN0415,"Charges, propelling",1.2C,,,N,
UN0491,"Charges, propelling",1.4C,,,N,
UN0242,"Charges, propelling, for cannon",1.3C,,,N,
UN0279,"Charges, propelling, for cannon",1.1C,,,N,
UN0414,"Charges, propelling, for cannon",1.2C,,,N,
UN0237,"Charges, shaped, flexible, linear",1.4D,,,N,
UN0288,"Charges, shaped, flexible, linear",1.1D,,,N,
UN0059,"Charges, shaped, without detonator",1.1D,,,N,
UN0439,"Charges, shaped, without detonator",1.2D,,,N,
UN0440,"Charges, shaped, without detonator",1.4D,,,N,
UN0441,"Charges, shaped, without detonator",1.4S,,,N,
UN0060,"Charges, supplementary explosive",1.1D,,,N,
NA1760,Chemical kit,8,,II,N,D
UN3316,Chemical kit,9,,,N,
UN3503,"Chemical under pressure, corrosive, n.o.s",2.2,8,,Y,G
UN3505,"Chemical under pressure, flammable, corrosive, n.o.s",2.1,8,,Y,G
UN3501,"Chemical under pressure, flammable, n.o.s",2.1,,,Y,G
UN3504,"Chemical under pressure, flammable, toxic, n.o.s",2.1,6.1,,Y,G
UN3500,"Chemical under pressure, n.o.s",2.2,,,Y,G
UN3502,"Chemical under pressure, toxic, n.o.s",2.2,6.1,,Y,G
UN2075,"Chloral, anhydrous, stabilized",6.1,,II,N,
UN1458,Chlorate and borate mixtures,5.1,,II,N,
UN1458,Chlorate and borate mixtures,5.1,,III,N,
UN1459,Chlorate and magnesium chloride mixture solid,5.1,,II,N,
UN1459,Chlorate and magnesium chloride mixture solid,5.1,,III,N,
UN3407,Chlorate and magnesium chloride mixture solution,5.1,,II,N,
UN3407,Chlorate and magnesium chloride mixture solution,5.1,,III,N,
UN3210,"Chlorates, inorganic, aqueous solution, n.o.s",5.1,,II,Y,G
UN3210,"Chlorates, inorganic, aqueous solution, n.o.s",5.1,,III,Y,G
UN1461,"Chlorates, inorganic, n.o.s",5.1,,II,Y,G
UN2626,"Chloric acid aqueous solution, with not more than 10 percent chloric acid",5.1,,II,N,
UN1017,Chlorine,2.3,"5.1,8",,N,
UN3520,"Chlorine, adsorbed",2.3,"5.1,8",,N,
NA9191,"Chlorine dioxide, hydrate, frozen",5.1,6.1,II,N,D
UN2548,Chlorine pentafluoride,2.3,"5.1,8",,N,
UN1749,Chlorine trifluoride,2.3,"5.1,8",,N,
UN1908,Chlorite solution,8,,II,N,
UN1908,Chlorite solution,8,,III,N,
UN1462,"Chlorites, inorganic, n.o.s",5.1,,II,Y,G
UN2517,"1-Chloro-1,1-difluoroethane or Refrigerant gas R 142b",2.1,,,N,
UN2236,"3-Chloro-4-methylphenyl isocyanate, liquid",6.1,,II,N,
UN3428,"3-Chloro-4-methylphenyl isocyanate, solid",6.1,,II,N,
UN1021,"1-Chloro-1,2,2,2-tetrafluoroethaneor Refrigerant gas R 124",2.2,,,N,
UN1579,"4-Chloro-o-toluidine hydrochloride, solid",6.1,,III,N,
UN3410,"4-Chloro-o-toluidine hydrochloride, solution",6.1,,III,N,
UN1983,"1-Chloro-2,2,2-trifluoroethane or Refrigerant gas R 133a",2.2,,,N,
UN3250,"Chloroacetic acid, molten",6.1,8,II,N,
UN1751,"Chloroacetic acid, solid",6.1,8,II,N,
UN1750,"Chloroacetic acid, solution",6.1,8,II,N,
UN1695,"Chloroacetone, stabilized",6.1,"3,8",I,N,
UN2668,Chloroacetonitrile,6.1,3,I,N,+
UN3416,"Chloroacetophenone, liquid, (CN)",6.1,,II,N,
UN1697,"Chloroacetophenone, solid, (CN)",6.1,,II,N,
UN1752,Chloroacetyl chloride,6.1,8,I,N,
UN2019,"Chloroanilines, liquid",6.1,,II,N,
UN2018,"Chloroanilines, solid",6.1,,II,N,
UN2233,Chloroanisidines,6.1,,III,N,
UN1134,Chlorobenzene,3,,III,N,
UN2234,Chlorobenzotrifluorides,3,,III,N,
UN2235,"Chlorobenzyl chlorides, liquid",6.1,,III,N,
UN3427,"Chlorobenzyl chlorides, solid",6.1,,III,N,
UN1127,Chlorobutanes,3,,II,N,
UN2669,Chlorocresols solution,6.1,,II,N,
UN2669,Chlorocresols solution,6.1,,III,N,
UN3437,"Chlorocresols, solid",6.1,,II,N,
UN1974,Chlorodifluorobromomethane or Refrigerant gas R 12B1,2.2,,,N,
UN1973,"Chlorodifluoromethane and chloropentafluoroethane mixture or Refrigerant gas R 502 with fixed boiling point, with approximately 49 percent chlorodifluoromethane",2.2,,,N,
UN1018,Chlorodifluoromethane or Refrigerant gas R 22,2.2,,,N,
UN1577,"Chlorodinitrobenzenes, liquid.",6.1,,II,N,+
UN3441,"Chlorodinitrobenzenes, solid",6.1,,II,N,+
UN2232,2-Chloroethanal,6.1,,I,N,
UN1888,Chloroform,6.1,,III,N,
UN2742,"Chloroformates, toxic, corrosive, flammable, n.o.s",6.1,"8,3",II,Y,G
UN3277,"Chloroformates, toxic, corrosive, n.o.s",6.1,8,II,Y,G
UN2745,Chloromethyl chloroformate,6.1,8,II,N,
UN2354,Chloromethyl ethyl ether,3,6.1,II,N,
UN2237,Chloronitroanilines,6.1,,III,N,
UN3409,"Chloronitrobenzenes, liquid",6.1,,II,N,+
UN1578,"Chloronitrobenzenes, solid",6.1,,II,N,+
UN2433,"Chloronitrotoluenes, liquid",6.1,,III,N,
UN3457,"Chloronitrotoluenes, solid",6.1,,III,N,
UN1020,Chloropentafluoroethane or Refrigerant gas R 115,2.2,,,N,
UN2904,"Chlorophenolates, liquid or Phenolates, liquid",8,,III,N,
UN2905,"Chlorophenolates, solid or Phenolates, solid",8,,III,N,
UN2021,"Chlorophenols, liquid",6.1,,III,N,
UN2020,"Chlorophenols, solid",6.1,,III,N,
UN1753,Chlorophenyltrichlorosilane,8,,II,N,
UN1580,Chloropicrin,6.1,,I,N,+
UN1581,Chloropicrin and methyl bromide mixtures,2.3,,,N,
UN1582,Chloropicrin and methyl chloride mixtures,2.3,,,N,
UN1583,"Chloropicrin mixtures, n.o.s",6.1,,I,Y,G
UN1583,"Chloropicrin mixtures, n.o.s",6.1,,II,Y,G
UN1583,"Chloropicrin mixtures, n.o.s",6.1,,III,Y,G
NA9263,Chloropivaloyl chloride,6.1,8,I,N,D
UN2507,"Chloroplatinic acid, solid",8,,III,N,
UN1991,"Chloroprene, stabilized",3,6.1,I,N,
UN1278,1-Chloropropane,3,,II,N,
UN2356,2-Chloropropane,3,,I,N,
UN2849,3-Chloropropanol-1,6.1,,III,N,
UN2456,2-Chloropropene,3,,I,N,
UN2511,2-Chloropropionic acid,8,,III,N,
UN2822,2-Chloropyridine,6.1,,II,N,
UN2986,"Chlorosilanes, corrosive, flammable, n.o.s",8,3,II,Y,
UN2987,"Chlorosilanes, corrosive, n.o.s",8,,II,Y,
UN2985,"Chlorosilanes, flammable, corrosive, n.o.s",3,8,II,Y,
UN3362,"Chlorosilanes, toxic, corrosive, flammable, n.o.s",6.1,"8,3",II,Y,G
UN3361,"Chlorosilanes, toxic, corrosive, n.o.s",6.1,8,II,Y,G
UN2988,"Chlorosilanes, water-reactive, flammable, corrosive, n.o.s",4.3,"3,8",I,Y,
UN1754,Chlorosulfonic acid (with or without sulfur trioxide),8,6.1,I,N,+
UN2238,Chlorotoluenes,3,,III,N,
UN3429,"Chlorotoluidines, liquid",6.1,,III,N,
UN2239,"Chlorotoluidines, solid",6.1,,III,N,
UN2599,Chlorotrifluoromethane and trifluoromethane azeotropic mixture or Refrigerant gas R 503 with approximately 60 percent chlorotrifluoromethane,2.2,,,N,
UN1022,Chlorotrifluoromethane or Refrigerant gas R 13,2.2,,,N,
UN1755,Chromic acid solution,8,,II,N,
UN1755,Chromic acid solution,8,,III,N,
UN1756,"Chromic fluoride, solid",8,,II,N,
UN1757,"Chromic fluoride, solution",8,,II,N,
UN1757,"Chromic fluoride, solution",8,,III,N,
UN1757,"Chromic fluoride, solution",8,,III,N,
UN2720,Chromium nitrate,5.1,,III,N,
UN1758,Chromium oxychloride,8,,I,N,
UN1463,"Chromium trioxide, anhydrous",5.1,"6.1,8",II,N,
UN2240,Chromosulfuric acid,8,,I,N,
UN1023,"Coal gas, compressed",2.3,2.1,,N,
UN1136,"Coal tar distillates, flammable",3,,II,N,
UN1136,"Coal tar distillates, flammable",3,,III,N,
UN1139,"Coating solution (includes surface treatments or coatings used for industrial or other purposes such as vehicle undercoating, drum or barrel lining)",3,,I,N,
UN1139,"Coating solution (includes surface treatments or coatings used for industrial or other purposes such as vehicle undercoating, drum or barrel lining)",3,,II,N,
UN1139,"Coating solution (includes surface treatments or coatings used for industrial or other purposes such as vehicle undercoating, drum or barrel lining)",3,,III,N,
UN3550,"Cobalt dihydroxide powder, containing not less than 10% respirable particles",6.1,,I,N,
UN2001,"Cobalt naphthenates, powder",4.1,,III,N,
UN1318,"Cobalt resinate, precipitated",4.1,,III,N,
NA1993,"Combustible liquid, n.o.s.",Comb liq,,III,Y,D G
UN0382,"Components, explosive train, n.o.s.",1.2B,,,Y,G
UN0383,"Components, explosive train, n.o.s.",1.4B,,,Y,G
UN0384,"Components, explosive train, n.o.s",1.4S,,,Y,G
UN0461,"Components, explosive train, n.o.s.",1.1B,,,Y,G
NA1760,"Compounds, cleaning liquid",8,,I,N,D G
NA1760,"Compounds, cleaning liquid",8,,II,N,D G
NA1760,"Compounds, cleaning liquid",8,,III,N,D G
NA1993,"Compounds, cleaning liquid",3,,I,N,D G
NA1993,"Compounds, cleaning liquid",3,,II,N,D G
NA1993,"Compounds, cleaning liquid",3,,III,N,D G
NA1760,"Compounds, tree killing, liquid or Compounds, weed killing, liquid",8,,I,N,D G
NA1760,"Compounds, tree killing, liquid or Compounds, weed killing, liquid",8,,II,N,D G
NA1760,"Compounds, tree killing, liquid or Compounds, weed killing, liquid",8,,III,N,D G
NA1993,"Compounds, tree killing, liquid or Compounds, weed killing, liquid",3,,I,N,D G
NA1993,"Compounds, tree killing, liquid or Compounds, weed killing, liquid",3,,II,N,D G
NA1993,"Compounds, tree killing, liquid or Compounds, weed killing, liquid",3,,III,N,D G
NA2810,"Compounds, tree killing, liquid or Compounds, weed killing, liquid",6.1,,I,N,D G
NA2810,"Compounds, tree killing, liquid or Compounds, weed killing, liquid",6.1,,II,N,D G
NA2810,"Compounds, tree killing, liquid or Compounds, weed killing, liquid",6.1,,III,N,D G
UN1954,"Compressed gas, flammable, n.o.s.",2.1,,,Y,G
UN1956,"Compressed gas, n.o.s",2.2,,,Y,G
UN3156,"Compressed gas, oxidizing, n.o.s.",2.2,5.1,,Y,G
UN3304,"Compressed gas, toxic, corrosive, n.o.s. Inhalation Hazard Zone A",2.3,8,,Y,G I
UN3304,"Compressed gas, toxic, corrosive, n.o.s. Inhalation Hazard Zone B",2.3,8,,Y,G I
UN3304,"Compressed gas, toxic, corrosive, n.o.s. Inhalation Hazard Zone C",2.3,8,,Y,G I
UN3304,"Compressed gas, toxic, corrosive, n.o.s. Inhalation Hazard Zone D",2.3,8,,Y,G I
UN3305,"Compressed gas, toxic, flammable, corrosive, n.o.s. Inhalation Hazard Zone A",2.3,"2.1,8",,Y,G I
UN3305,"Compressed gas, toxic, flammable, corrosive, n.o.s. Inhalation Hazard Zone B",2.3,"2.1,8",,Y,G I
UN3305,"Compressed gas, toxic, flammable, corrosive, n.o.s. Inhalation Hazard Zone C",2.3,"2.1,8",,Y,G I
UN3305,"Compressed gas, toxic, flammable, corrosive, n.o.s. Inhalation Hazard Zone D",2.3,"2.1,8",,Y,G I
UN1953,"Compressed gas, toxic, flammable, n.o.s. Inhalation hazard Zone A",2.3,2.1,,Y,G
UN1953,"Compressed gas, toxic, flammable, n.o.s. Inhalation hazard Zone B",2.3,2.1,,Y,G
UN1953,"Compressed gas, toxic, flammable, n.o.s. Inhalation Hazard Zone C",2.3,2.1,,Y,G
UN1953,"Compressed gas, toxic, flammable, n.o.s. Inhalation Hazard Zone D",2.3,2.1,,Y,G
UN1955,"Compressed gas, toxic, n.o.s. Inhalation Hazard Zone A",2.3,,,Y,G
UN1955,"Compressed gas, toxic, n.o.s. Inhalation Hazard Zone B",2.3,,,Y,G
UN1955,"Compressed gas, toxic, n.o.s. Inhalation Hazard Zone C",2.3,,,Y,G
UN1955,"Compressed gas, toxic, n.o.s. Inhalation Hazard Zone D",2.3,,,Y,G
UN3306,"Compressed gas, toxic, oxdizing, corrosive, n.o.s. Inhalation Hazard Zone A",2.3,"5.1,8",,Y,G I
UN3306,"Compressed gas, toxic, oxidizing, corrosive, n.o.s. Inhalation Hazard Zone B",2.3,"5.1,8",,Y,G I
UN3306,"Compressed gas, toxic, oxidizing, corrosive, n.o.s. Inhalation Hazard Zone C",2.3,"5.1,8",,Y,G I
UN3306,"Compressed gas, toxic, oxidizing, corrosive, n.o.s. Inhalation Hazard Zone D",2.3,"5.1,8",,Y,G I
UN3303,"Compressed gas, toxic, oxidizing, n.o.s. Inhalation Hazard Zone A",2.3,5.1,,Y,G
UN3303,"Compressed gas, toxic, oxidizing, n.o.s. Inhalation Hazard Zone B",2.3,5.1,,Y,G
UN3303,"Compressed gas, toxic, oxidizing, n.o.s. Inhalation Hazard Zone C",2.3,5.1,,Y,G
UN3303,"Compressed gas, toxic, oxidizing, n.o.s. Inhalation Hazard Zone D",2.3,5.1,,Y,G
UN0248,"Contrivances, water-activated, with burster, expelling charge or propelling charge",1.2L,,,N,G
UN0249,"Contrivances, water-activated, with burster, expelling charge or propelling charge",1.3L,,,N,G
UN1585,Copper acetoarsenite,6.1,,II,N,
UN1586,Copper arsenite,6.1,,II,N,
UN2776,"Copper based pesticides, liquid, flammable, toxic, flash point less than 23 degrees C",3,6.1,I,N,
UN2776,"Copper based pesticides, liquid, flammable, toxic, flash point less than 23 degrees C",3,6.1,II,N,
UN3010,"Copper based pesticides, liquid, toxic",6.1,,I,N,
UN3010,"Copper based pesticides, liquid, toxic",6.1,,II,N,
UN3010,"Copper based pesticides, liquid, toxic",6.1,,III,N,
UN3009,"Copper based pesticides, liquid, toxic, flammable, flash point not less than 23 degrees C",6.1,3,I,N,
UN3009,"Copper based pesticides, liquid, toxic, flammable, flash point not less than 23 degrees C",6.1,3,II,N,
UN3009,"Copper based pesticides, liquid, toxic, flammable, flash point not less than 23 degrees C",6.1,3,III,N,
UN2775,"Copper based pesticides, solid, toxic",6.1,,I,N,
UN2775,"Copper based pesticides, solid, toxic",6.1,,II,N,
UN2775,"Copper based pesticides, solid, toxic",6.1,,III,N,
UN2721,Copper chlorate,5.1,,II,N,
UN2802,Copper chloride,8,,III,N,
UN1587,Copper cyanide,6.1,,II,N,
UN1363,Copra,4.2,,III,N,"A,W"
UN0065,"Cord, detonating, flexible",1.1D,,,N,
UN0289,"Cord, detonating, flexible",1.4D,,,N,
UN0102,"Cord, detonating or Fuze, detonating metal clad",1.2D,,,N,
UN0290,"Cord, detonating or Fuze, detonating metal clad",1.1D,,,N,
UN0104,"Cord, detonating, mild effect or Fuse, detonating, mild effect metal clad",1.4D,,,N,
UN0066,"Cord, igniter",1.4G,,,N,
UN3264,"Corrosive liquid, acidic, inorganic, n.o.s",8,,I,Y,G
UN3264,"Corrosive liquid, acidic, inorganic, n.o.s",8,,II,Y,G
UN3264,"Corrosive liquid, acidic, inorganic, n.o.s",8,,III,Y,G
UN3265,"Corrosive liquid, acidic, organic, n.o.s",8,,I,Y,G
UN3265,"Corrosive liquid, acidic, organic, n.o.s",8,,II,Y,G
UN3265,"Corrosive liquid, acidic, organic, n.o.s",8,,III,Y,G
UN3266,"Corrosive liquid, basic, inorganic, n.o.s",8,,I,Y,G
UN3266,"Corrosive liquid, basic, inorganic, n.o.s",8,,II,Y,G
UN3266,"Corrosive liquid, basic, inorganic, n.o.s",8,,III,Y,G
UN3267,"Corrosive liquid, basic, organic, n.o.s",8,,I,Y,G
UN3267,"Corrosive liquid, basic, organic, n.o.s",8,,II,Y,G
UN3267,"Corrosive liquid, basic, organic, n.o.s",8,,III,Y,G
UN3301,"Corrosive liquid, self-heating, n.o.s",8,4.2,I,Y,G
UN3301,"Corrosive liquid, self-heating, n.o.s",8,4.2,II,Y,G
UN2920,"Corrosive liquids, flammable, n.o.s.",8,3,I,Y,G
UN2920,"Corrosive liquids, flammable, n.o.s.",8,3,II,Y,G
UN1760,"Corrosive liquids, n.o.s",8,,I,Y,G
UN1760,"Corrosive liquids, n.o.s",8,,II,Y,G
UN1760,"Corrosive liquids, n.o.s",8,,III,Y,G
UN3093,"Corrosive liquids, oxidizing, n.o.s.",8,5.1,I,Y,G
UN3093,"Corrosive liquids, oxidizing, n.o.s.",8,5.1,II,Y,G
UN2922,"Corrosive liquids, toxic, n.o.s.",8,6.1,I,Y,G
UN2922,"Corrosive liquids, toxic, n.o.s.",8,6.1,II,Y,G
UN2922,"Corrosive liquids, toxic, n.o.s.",8,6.1,III,Y,G
UN3094,"Corrosive liquids, water-reactive, n.o.s",8,4.3,I,Y,G
UN3094,"Corrosive liquids, water-reactive, n.o.s",8,4.3,II,Y,G
UN3260,"Corrosive solid, acidic, inorganic, n.o.s",8,,I,Y,G
UN3260,"Corrosive solid, acidic, inorganic, n.o.s",8,,II,Y,G
UN3260,"Corrosive solid, acidic, inorganic, n.o.s",8,,III,Y,G
UN3261,"Corrosive solid, acidic, organic, n.o.s",8,,I,Y,G
UN3261,"Corrosive solid, acidic, organic, n.o.s",8,,II,Y,G
UN3261,"Corrosive solid, acidic, organic, n.o.s",8,,III,Y,G
UN3262,"Corrosive solid, basic, inorganic, n.o.s.",8,,I,Y,G
UN3262,"Corrosive solid, basic, inorganic, n.o.s.",8,,II,Y,G
UN3262,"Corrosive solid, basic, inorganic, n.o.s.",8,,III,Y,G
UN3263,"Corrosive solid, basic, organic, n.o.s.",8,,I,Y,G
UN3263,"Corrosive solid, basic, organic, n.o.s.",8,,II,Y,G
UN3263,"Corrosive solid, basic, organic, n.o.s.",8,,III,Y,G
UN2921,"Corrosive solids, flammable, n.o.s.",8,4.1,I,Y,G
UN2921,"Corrosive solids, flammable, n.o.s.",8,4.1,II,Y,G
UN1759,"Corrosive solids, n.o.s.",8,,I,Y,G
UN1759,"Corrosive solids, n.o.s.",8,,II,Y,G
UN1759,"Corrosive solids, n.o.s.",8,,III,Y,G
UN3084,"Corrosive solids, oxidizing, n.o.s.",8,5.1,I,Y,G
UN3084,"Corrosive solids, oxidizing, n.o.s.",8,5.1,II,Y,G
UN3095,"Corrosive solids, self-heating, n.o.s",8,4.2,I,Y,G
UN3095,"Corrosive solids, self-heating, n.o.s",8,4.2,II,Y,G
UN2923,"Corrosive solids, toxic, n.o.s.",8,6.1,I,Y,G
UN2923,"Corrosive solids, toxic, n.o.s.",8,6.1,II,Y,G
UN2923,"Corrosive solids, toxic, n.o.s.",8,6.1,III,Y,G
UN3096,"Corrosive solids, water-reactive, n.o.s",8,4.3,I,Y,G
UN3096,"Corrosive solids, water-reactive, n.o.s",8,4.3,II,Y,G
NA1365,Cotton,9,,,N,D W
UN1364,"Cotton waste, oily",4.2,,III,N,A W
UN1365,"Cotton, wet",4.2,,III,N,A I W
UN3024,"Coumarin derivative pesticides, liquid, flammable, toxic, flash point less than 23 degrees C",3,6.1,I,N,
UN3024,"Coumarin derivative pesticides, liquid, flammable, toxic, flash point less than 23 degrees C",3,6.1,II,N,
UN3026,"Coumarin derivative pesticides, liquid, toxic",6.1,,I,N,
UN3026,"Coumarin derivative pesticides, liquid, toxic",6.1,,II,N,
UN3026,"Coumarin derivative pesticides, liquid, toxic",6.1,,III,N,
UN3025,"Coumarin derivative pesticides, liquid, toxic, flammable, flash point not less than 23 degrees C",6.1,3,I,N,
UN3025,"Coumarin derivative pesticides, liquid, toxic, flammable, flash point not less than 23 degrees C",6.1,3,II,N,
UN3025,"Coumarin derivative pesticides, liquid, toxic, flammable, flash point not less than 23 degrees C",6.1,3,III,N,
UN3027,"Coumarin derivative pesticides, solid, toxic",6.1,,I,N,
UN3027,"Coumarin derivative pesticides, solid, toxic",6.1,,II,N,
UN3027,"Coumarin derivative pesticides, solid, toxic",6.1,,III,N,
UN2076,"Cresols, liquid",6.1,8,II,N,
UN3455,"Cresols, solid",6.1,8,II,N,
UN2022,Cresylic acid,6.1,8,II,N,
UN1143,"Crotonaldehyde or Crotonaldehyde, stabilized",6.1,3,I,N,
UN3472,"Crotonic acid, liquid",8,,III,N,
UN2823,"Crotonic acid, solid",8,,III,N,
UN1144,Crotonylene,3,,I,N,
UN1761,Cupriethylenediamine solution,8,6.1,II,N,
UN1761,Cupriethylenediamine solution,8,6.1,III,N,
UN0070,"Cutters, cable, explosive",1.4S,,,N,
UN1935,"Cyanide solutions, n.o.s.",6.1,,I,Y,G
UN1935,"Cyanide solutions, n.o.s.",6.1,,II,Y,G
UN1935,"Cyanide solutions, n.o.s.",6.1,,III,Y,G
UN1588,"Cyanides, inorganic, solid, n.o.s.",6.1,,I,Y,
UN1588,"Cyanides, inorganic, solid, n.o.s.",6.1,,II,Y,
UN1588,"Cyanides, inorganic, solid, n.o.s.",6.1,,III,Y,
UN1026,Cyanogen,2.3,2.1,,N,
UN1889,Cyanogen bromide,6.1,8,I,N,
UN1589,"Cyanogen chloride, stabilized",2.3,8,,N,
UN2670,Cyanuric chloride,8,,II,N,
UN2601,Cyclobutane,2.1,,,N,
UN2744,Cyclobutyl chloroformate,6.1,"8,3",II,N,
UN2518,"1,5,9-Cyclododecatriene",6.1,,III,N,
UN2241,Cycloheptane,3,,II,N,
UN2603,Cycloheptatriene,3,6.1,II,N,
UN2242,Cycloheptene,3,,II,N,
UN1145,Cyclohexane,3,,II,N,
UN1915,Cyclohexanone,3,,III,N,
UN2256,Cyclohexene,3,,II,N,
UN1762,Cyclohexenyltrichlorosilane,8,,II,N,
UN2243,Cyclohexyl acetate,3,,III,N,
UN2488,Cyclohexyl isocyanate,6.1,3,I,N,
UN3054,Cyclohexyl mercaptan,3,,III,N,
UN2357,Cyclohexylamine,8,3,II,N,
UN1763,Cyclohexyltrichlorosilane,8,,II,N,
UN2520,Cyclooctadienes,3,,III,N,
UN2358,Cyclooctatetraene,3,,II,N,
UN1146,Cyclopentane,3,,II,N,
UN2244,Cyclopentanol,3,,III,N,
UN2245,Cyclopentanone,3,,III,N,
UN2246,Cyclopentene,3,,II,N,
UN1027,Cyclopropane,2.1,,,N,
UN0484,"Cyclotetramethylenetetranitramine, desensitized or Octogen, desensitized or HMX, desensitized",1.1D,,,N,
UN0226,"Cyclotetramethylenetetranitramine, wetted or HMX, wetted or Octogen, wetted with not less than 15 percent water, by mass",1.1D,,,N,
UN0483,"Cyclotrimethylenetrinitramine, desensitized or Cyclonite, desensitized or Hexogen, desensitized or RDX, desensitized",1.1D,,,N,
UN0072,"Cyclotrimethylenetrinitramine, wetted or Cyclonite, wetted or Hexogen, wetted or RDX, wetted with not less than 15 percent water by mass",1.1D,,,N,
UN2046,Cymenes,3,,III,N,
UN3363,Dangerous goods in articles or Dangerous goods in machinery or Dangerous goods in apparatus,9,,,N,
UN1868,Decaborane,4.1,6.1,II,N,
UN1147,Decahydronaphthalene,3,,III,N,
UN2247,n-Decane,3,,III,N,
UN0132,"Deflagrating metal salts of aromatic nitroderivatives, n.o.s.",1.3C,,,Y,
NA1987,Denatured alcohol,3,,II,N,D
NA1987,Denatured alcohol,3,,III,N,D
UN3379,"Desensitized explosive, liquid, n.o.s.",3,,I,Y,G
UN3380,"Desensitized explosive, solid, n.o.s.",4.1,,I,Y,G
UN0360,"Detonator assemblies, non-electric for blasting",1.1B,,,N,
UN0361,"Detonator assemblies, non-electric, for blasting",1.4B,,,N,
UN0500,"Detonator assemblies, non-electric, for blasting",1.4S,,,N,
UN0030,"Detonators, electric, for blasting",1.1B,,,N,
UN0255,"Detonators, electric, for blasting",1.4B,,,N,
UN0456,"Detonators, electric for blasting",1.4S,,,N,
UN0511,"Detonators, electronic programmable for blasting",1.1B,,,N,
UN0512,"Detonators, electronic programmable for blasting",1.4B,,,N,
UN0513,"Detonators, electronic programmable for blasting",1.4S,,,N,
UN0073,Detonators for ammunition,1.1B,,,N,
UN0364,Detonators for ammunition,1.2B,,,N,
UN0365,Detonators for ammunition,1.4B,,,N,
UN0366,Detonators for ammunition,1.4S,,,N,
UN0029,"Detonators, non-electric, for blasting",1.1B,,,N,
UN0267,"Detonators, non-electric, for blasting",1.4B,,,N,
UN0455,"Detonators, non-electric, for blasting",1.4S,,,N,
UN1957,"Deuterium, compressed",2.1,,,N,
UN3150,"Devices, small, hydrocarbon gas powered or Hydrocarbon gas refills for small devices with release device",2.1,,,N,
UN2841,Di-n-amylamine,3,6.1,III,N,
UN2248,Di-n-butylamine,8,3,II,N,
UN2372,"1,2-Di-(dimethylamino)ethane",3,,II,N,
UN1148,Diacetone alcohol,3,,II,N,
UN1148,Diacetone alcohol,3,,III,N,
UN2359,Diallylamine,3,"6.1,8",II,N,
UN2360,Diallylether,3,6.1,II,N,
UN2651,"4,4′-Diaminodiphenyl methane",6.1,,III,N,
UN0074,"Diazodinitrophenol, wetted with not less than 40 percent water or mixture of alcohol and water, by mass",1.1A,,,N,
UN2434,Dibenzyldichlorosilane,8,,II,N,
UN1911,Diborane,2.3,2.1,,N,
NA1911,Diborane mixtures,2.1,,,N,D
UN2648,"1,2-Dibromobutan-3-one",6.1,,II,N,
UN2872,Dibromochloropropane,6.1,,II,N,
UN2872,Dibromochloropropane,6.1,,III,N,
UN1941,"Dibromodifluoromethane, R12B2",9,,III,N,A
UN2664,Dibromomethane,6.1,,III,N,
UN1149,Dibutyl ethers,3,,III,N,
UN2873,Dibutylaminoethanol,6.1,,III,N,
UN2650,"1,1-Dichloro-1-nitroethane",6.1,,II,N,
NA9264,"3,5-Dichloro-2,4,6-trifluoropyridine",6.1,,I,N,D
UN1764,Dichloroacetic acid,8,,II,N,
UN2649,"1,3-Dichloroacetone",6.1,,II,N,
UN1765,Dichloroacetyl chloride,8,,II,N,
UN1590,"Dichloroanilines, liquid",6.1,,II,N,+
UN3442,"Dichloroanilines, solid",6.1,,II,N,
UN1591,o-Dichlorobenzene,6.1,,III,N,+
UN1916,"2,2′-Dichlorodiethyl ether",6.1,3,II,N,
UN2602,Dichlorodifluoromethane and difluoroethane azeotropic mixture or Refrigerant gas R 500 with approximately 74 percent dichlorodifluoromethane,2.2,,,N,
UN1028,Dichlorodifluoromethane or Refrigerant gas R 12,2.2,,,N,
UN2249,"Dichlorodimethyl ether, symmetrical",6.1,3,I,N,
UN2362,"1,1-Dichloroethane",3,,II,N,
UN1150,"1,2-Dichloroethylene",3,,II,N,
UN1029,Dichlorofluoromethane or Refrigerant gas R21,2.2,,,N,
UN2465,"Dichloroisocyanuric acid, dry or Dichloroisocyanuric acid salts",5.1,,II,N,
UN2490,Dichloroisopropyl ether,6.1,,II,N,
UN1593,Dichloromethane,6.1,,III,N,
UN1152,Dichloropentanes,3,,III,N,
UN2250,Dichlorophenyl isocyanates,6.1,,II,N,
UN1766,Dichlorophenyltrichlorosilane,8,,II,N,
UN1279,"1,2-Dichloropropane",3,,II,N,
UN2750,"1,3-Dichloropropanol-2",6.1,,II,N,
UN2047,Dichloropropenes,3,,II,N,
UN2047,Dichloropropenes,3,,III,N,
UN2189,Dichlorosilane,2.3,"2.1,8",,N,
UN1958,"1,2-Dichloro-1,1,2,2- tetrafluoroethane or Refrigerant gas R 114",2.2,,,N,
UN2565,Dicyclohexylamine,8,,III,N,
UN2687,Dicyclohexylammonium nitrite,4.1,,III,N,
UN2048,Dicyclopentadiene,3,,III,N,
UN1465,Didymium nitrate,5.1,,III,N,
NA1993,Diesel fuel,3,,III,N,D
UN1202,Diesel fuel,3,,III,N,I
UN2373,Diethoxymethane,3,,II,N,
UN2374,"3,3-Diethoxypropene",3,,II,N,
UN2366,Diethyl carbonate,3,,III,N,
UN1155,Diethyl ether or Ethyl ether,3,,I,N,
UN1156,Diethyl ketone,3,,II,N,
UN1594,Diethyl sulfate,6.1,,II,N,
UN2375,Diethyl sulfide,3,,II,N,
UN1154,Diethylamine,3,8,II,N,
UN2686,2-Diethylaminoethanol,8,3,II,N,
UN2684,3-Diethyamino-propylamine,3,8,III,N,
UN2432,"N, N-Diethylaniline",6.1,,III,N,+
UN2049,Diethylbenzene,3,,III,N,
UN1767,Diethyldichlorosilane,8,3,II,N,
UN0075,"Diethyleneglycol dinitrate, desensitized with not less than 25 percent non-volatile water-insoluble phlegmatizer, by mass",1.1D,,,N,
UN2079,Diethylenetriamine,8,,II,N,
UN2685,"N,N-Diethylethylenediamine",8,3,II,N,
UN2751,Diethylthiophosphoryl chloride,8,,II,N,
UN1030,"1,1-Difluoroethane or Refrigerant gas R 152a",2.1,,,N,
UN1959,"1,1-Difluoroethylene or Refrigerant gas R 1132a",2.1,,,N,
UN3252,Difluoromethane or Refrigerant gas R 32,2.1,,,N,
UN1768,"Difluorophosphoric acid, anhydrous",8,,II,N,
UN2376,"2,3-Dihydropyran",3,,II,N,
UN1157,Diisobutyl ketone,3,,III,N,
UN2361,Diisobutylamine,3,8,III,N,
UN2050,"Diisobutylene, isomeric compounds",3,,II,N,
UN1902,Diisooctyl acid phosphate,8,,III,N,
UN1159,Diisopropyl ether,3,,II,N,
UN1158,Diisopropylamine,3,8,II,N,
UN2521,"Diketene, stabilized",6.1,3,I,N,
UN2252,"1,2-Dimethoxyethane",3,,II,N,
UN2377,"1,1-Dimethoxyethane",3,,II,N,
UN1161,Dimethyl carbonate,3,,II,N,
UN2381,Dimethyl disulfide,3,6.1,II,N,
UN1033,Dimethyl ether,2.1,,,N,
UN2266,Dimethyl-N-propylamine,3,8,II,N,
UN1595,Dimethyl sulfate,6.1,8,I,N,
UN1164,Dimethyl sulfide,3,,II,N,
UN2267,Dimethyl thiophosphoryl chloride,6.1,8,II,N,
UN1032,"Dimethylamine, anhydrous",2.1,,,N,
UN1160,Dimethylamine solution,3,8,II,N,
UN2378,2-Dimethylaminoacetonitrile,3,6.1,II,N,
UN2051,2-Dimethylaminoethanol,8,3,II,N,
UN3302,"2-Dimethylaminoethyl acrylate, stabilized",6.1,,II,N,
UN2522,"2-Dimethylaminoethyl methacrylate, stabilized",6.1,,II,N,
UN2253,"N,N-Dimethylaniline",6.1,,II,N,
UN2457,"2,3-Dimethylbutane",3,,II,N,
UN2379,"1, 3-Dimethylbutylamine",3,8,II,N,
UN2262,Dimethylcarbamoyl chloride,8,,II,N,
UN2263,Dimethylcyclohexanes,3,,II,N,
UN2264,"N,N-Dimethylcyclohexylamine",8,3,II,N,
UN1162,Dimethyldichlorosilane,3,8,II,N,
UN2380,Dimethyldiethoxysilane,3,,II,N,
UN2707,Dimethyldioxanes,3,,II,N,
UN2707,Dimethyldioxanes,3,,III,N,
UN2265,"N,N-Dimethylformamide",3,,III,N,
UN2382,"Dimethylhydrazine, symmetrical",6.1,3,I,N,
UN1163,"Dimethylhydrazine, unsymmetrical",6.1,"3,8",I,N,
UN2044,"2,2-Dimethylpropane",2.1,,,N,
UN1598,Dinitro-o-cresol,6.1,,II,N,
UN1596,Dinitroanilines,6.1,,II,N,
UN1597,"Dinitrobenzenes, liquid",6.1,,II,N,
UN1597,"Dinitrobenzenes, liquid",6.1,,III,N,
UN3443,"Dinitrobenzenes, solid",6.1,,II,N,
UN1067,Dinitrogen tetroxide,2.3,"5.1,8",,N,
UN0489,Dinitroglycoluril or Dingu,1.1D,,,N,
UN0076,"Dinitrophenol, dry or wetted with less than 15 percent water, by mass",1.1D,6.1,,N,
UN1599,Dinitrophenol solutions,6.1,,II,N,
UN1599,Dinitrophenol solutions,6.1,,III,N,
UN1320,"Dinitrophenol, wetted with not less than 15 percent water, by mass",4.1,6.1,I,N,
UN0077,"Dinitrophenolates alkali metals, dry or wetted with less than 15 percent water, by mass",1.3C,6.1,,N,
UN1321,"Dinitrophenolates, wetted with not less than 15 percent water, by mass",4.1,6.1,I,N,
UN0078,"Dinitroresorcinol, dry or wetted with less than 15 percent water, by mass",1.1D,,,N,
UN1322,"Dinitroresorcinol, wetted with not less than 15 percent water, by mass",4.1,,I,N,
UN0406,Dinitrosobenzene,1.3C,,,N,
UN2038,"Dinitrotoluenes, liquid",6.1,,II,N,
UN1600,"Dinitrotoluenes, molten",6.1,,II,N,
UN3454,"Dinitrotoluenes, solid",6.1,,II,N,
UN1165,Dioxane,3,,II,N,
UN1166,Dioxolane,3,,II,N,
UN2052,Dipentene,3,,III,N,
UN1698,Diphenylamine chloroarsine,6.1,,I,N,
UN1699,"Diphenylchloroarsine, liquid",6.1,,I,N,
UN3450,"Diphenylchloroarsine, solid",6.1,,I,N,
UN1769,Diphenyldichlorosilane,8,,II,N,
UN1770,Diphenylmethyl bromide,8,,II,N,
UN0401,"Dipicryl sulfide, dry or wetted with less than 10 percent water, by mass",1.1D,,,N,
UN2852,"Dipicryl sulfide, wetted with not less than 10 percent water, by mass",4.1,,I,N,
UN2384,Di-n-propyl ether,3,,II,N,
UN2710,Dipropyl ketone,3,,III,N,
UN2383,Dipropylamine,3,8,II,N,
UN1903,"Disinfectant, liquid, corrosive, n.o.s",8,,I,Y,G
UN1903,"Disinfectants, liquid, corrosive n.o.s.",8,,II,Y,G
UN1903,"Disinfectants, liquid, corrosive n.o.s.",8,,III,Y,G
UN3142,"Disinfectants, liquid, toxic, n.o.s.",6.1,,I,Y,G
UN3142,"Disinfectants, liquid, toxic, n.o.s.",6.1,,II,Y,G
UN3142,"Disinfectants, liquid, toxic, n.o.s.",6.1,,III,Y,G
UN1601,"Disinfectants, solid, toxic, n.o.s.",6.1,,I,Y,G
UN1601,"Disinfectants, solid, toxic, n.o.s.",6.1,,II,Y,G
UN1601,"Disinfectants, solid, toxic, n.o.s.",6.1,,III,Y,G
UN3253,Disodium trioxosilicate,8,,III,N,
UN1167,"Divinyl ether, stabilized",3,,I,N,
UN1771,Dodecyltrichlorosilane,8,,II,N,
UN2801,"Dyes, liquid, corrosive, n.o.s. or Dye intermediates, liquid, corrosive, n.o.s",8,,I,Y,G
UN2801,"Dyes, liquid, corrosive, n.o.s. or Dye intermediates, liquid, corrosive, n.o.s",8,,II,Y,G
UN2801,"Dyes, liquid, corrosive, n.o.s. or Dye intermediates, liquid, corrosive, n.o.s",8,,III,Y,G
UN1602,"Dyes, liquid, toxic, n.o.s. or Dye intermediates, liquid, toxic, n.o.s.",6.1,,I,Y,G
UN1602,"Dyes, liquid, toxic, n.o.s. or Dye intermediates, liquid, toxic, n.o.s.",6.1,,II,Y,G
UN1602,"Dyes, liquid, toxic, n.o.s. or Dye intermediates, liquid, toxic, n.o.s.",6.1,,III,Y,G
UN3147,"Dyes, solid, corrosive, n.o.s. or Dye intermediates, solid, corrosive, n.o.s.",8,,I,Y,G
UN3147,"Dyes, solid, corrosive, n.o.s. or Dye intermediates, solid, corrosive, n.o.s.",8,,II,Y,G
UN3147,"Dyes, solid, corrosive, n.o.s. or Dye intermediates, solid, corrosive, n.o.s.",8,,III,Y,G
UN3143,"Dyes, solid, toxic, n.o.s. or Dye intermediates, solid, toxic, n.o.s.",6.1,,I,Y,G
UN3143,"Dyes, solid, toxic, n.o.s. or Dye intermediates, solid, toxic, n.o.s.",6.1,,II,Y,G
UN3143,"Dyes, solid, toxic, n.o.s. or Dye intermediates, solid, toxic, n.o.s.",6.1,,III,Y,G
UN3256,"Elevated temperature liquid, flammable, n.o.s., with flash point above 37.8 C, at or above its flash point",3,,III,Y,G
UN3257,"Elevated temperature liquid, n.o.s., at or above 100 C and below its flash point (including molten metals, molten salts, etc.)",9,,III,Y,G
UN3258,"Elevated temperature solid, n.o.s., at or above 240 C, see § 173.247(h)(4)",9,,III,Y,G
UN3529,"Engine, internal combustion, flammable gas powered or Engine, fuel cell, flammable gas powered or Machinery, internal combustion, flammable gas powered or Machinery, fuel cell, flammable gas powered",2.1,,,N,
UN3528,"Engine, internal combustion, flammable liquid powered or Engine, fuel cell, flammable liquid powered or Machinery, internal combustion, flammable liquid powered or Machinery, fuel cell, flammable liquid powered",3,,,N,
UN3530,"Engine, internal combustion or Machinery, internal combustion",9,,,N,
UN3082,"Environmentally hazardous substance, liquid, n.o.s.",9,,III,Y,G
UN3077,"Environmentally hazardous substance, solid, n.o.s.",9,,III,Y,G
UN2558,Epibromohydrin,6.1,3,I,N,
UN2023,Epichlorohydrin,6.1,3,II,N,+
UN2752,"1,2-Epoxy-3-ethoxypropane",3,,III,N,
UN3272,"Esters, n.o.s.",3,,II,Y,
UN3272,"Esters, n.o.s.",3,,III,Y,
UN1035,Ethane,2.1,,,N,
NA1961,"Ethane-Propane mixture, refrigerated liquid",2.1,,,N,D
UN1961,"Ethane, refrigerated liquid",2.1,,,N,
UN3475,"Ethanol and gasoline mixture or Ethanol and motor spirit mixture or Ethanol and petrol mixture, with more than 10% ethanol",3,,II,N,
UN1170,Ethanol or Ethyl alcohol or Ethanol solutions or Ethyl alcohol solutions,3,,II,N,
UN1170,Ethanol or Ethyl alcohol or Ethanol solutions or Ethyl alcohol solutions,3,,III,N,
UN2491,Ethanolamine or Ethanolamine solutions,8,,III,N,
UN3271,"Ethers, n.o.s.",3,,II,Y,
UN3271,"Ethers, n.o.s.",3,,III,Y,
UN1173,Ethyl acetate,3,,II,N,
UN1917,"Ethyl acrylate, stabilized",3,,II,N,
UN2271,Ethyl amyl ketone,3,,III,N,
UN3460,"N-Ethylbenzyltoluidines, solid",6.1,,III,N,
UN2274,N-Ethyl-N-benzylaniline,6.1,,III,N,
UN1176,Ethyl borate,3,,II,N,
UN1891,Ethyl bromide,3,6.1,II,N,
UN1603,Ethyl bromoacetate,6.1,3,II,N,
UN1179,Ethyl butyl ether,3,,II,N,
UN1180,Ethyl butyrate,3,,III,N,
UN1037,Ethyl chloride,2.1,,,N,
UN1181,Ethyl chloroacetate,6.1,3,II,N,
UN1182,Ethyl chloroformate,6.1,"3,8",I,N,
UN2935,Ethyl 2-chloropropionate,3,,III,N,
UN2826,Ethyl chlorothioformate,8,"6.1,3",II,N,+
UN1862,Ethyl crotonate,3,,II,N,
UN2453,Ethyl fluoride or Refrigerant gas R161,2.1,,,N,
UN1190,Ethyl formate,3,,II,N,
UN2385,Ethyl isobutyrate,3,,II,N,
UN2481,Ethyl isocyanate,6.1,3,I,N,+
UN1192,Ethyl lactate,3,,III,N,
UN2363,Ethyl mercaptan,3,,I,N,
UN2277,"Ethyl methacrylate, stabilized",3,,II,N,
UN1039,Ethyl methyl ether,2.1,,,N,
UN1193,Ethyl methyl ketone or Methyl ethyl ketone,3,,II,N,
UN1194,Ethyl nitrite solutions,3,6.1,I,N,
UN2524,Ethyl orthoformate,3,,III,N,
UN2525,Ethyl oxalate,6.1,,III,N,
NA2927,"Ethyl phosphonothioic dichloride, anhydrous",6.1,8,I,N,D
NA2845,"Ethyl phosphonous dichloride, anhydrous pyrophoric liquid",6.1,4.2,I,N,D
NA2927,Ethyl phosphorodichloridate,6.1,8,I,N,D
UN1195,Ethyl propionate,3,,II,N,
UN2615,Ethyl propyl ether,3,,II,N,
UN2452,"Ethylacetylene, stabilized",2.1,,,N,
UN1036,Ethylamine,2.1,,,N,
UN2270,"Ethylamine, aqueous solution with not less than 50 percent but not more than 70 percent ethylamine",3,8,II,N,
UN2272,N-Ethylaniline,6.1,,III,N,
UN2273,2-Ethylaniline,6.1,,III,N,
UN1175,Ethylbenzene,3,,II,N,
UN2753,N-Ethylbenzyltoluidines liquid,6.1,,III,N,
UN2275,2-Ethylbutanol,3,,III,N,
UN1177,2-Ethylbutyl acetate,3,,III,N,
UN1178,2-Ethylbutyraldehyde,3,,II,N,
UN1892,Ethyldichloroarsine,6.1,,I,N,
UN1183,Ethyldichlorosilane,4.3,"8,3",I,N,
UN3138,"Ethylene, acetylene and propylene in mixture, refrigerated liquid with at least 71.5 percent ethylene with not more than 22.5 percent acetylene and not more than 6 percent propylene",2.1,,,N,
UN1135,Ethylene chlorohydrin,6.1,3,I,N,
UN1962,Ethylene,2.1,,,N,
UN1605,Ethylene dibromide,6.1,,I,N,
UN1184,Ethylene dichloride,3,6.1,II,N,
UN1153,Ethylene glycol diethyl ether,3,,II,N,
UN1153,Ethylene glycol diethyl ether,3,,III,N,
UN1171,Ethylene glycol monoethyl ether,3,,III,N,
UN1172,Ethylene glycol monoethyl ether acetate,3,,III,N,
UN1188,Ethylene glycol monomethyl ether,3,,III,N,
UN1189,Ethylene glycol monomethyl ether acetate,3,,III,N,
UN3300,Ethylene oxide and carbon dioxide mixture with more than 87 percent ethylene oxide,2.3,2.1,,N,
UN1041,Ethylene oxide and carbon dioxide mixtures with more than 9 percent but not more than 87 percent ethylene oxide,2.1,,,N,
UN1952,Ethylene oxide and carbon dioxide mixtures with not more than 9 percent ethylene oxide,2.2,,,N,
UN3297,Ethylene oxide and chlorotetrafluoroethane mixture with not more than 8.8 percent ethylene oxide,2.2,,,N,
UN3070,"Ethylene oxide and dichlorodifluoromethane mixture, with not more than 12.5 percent ethylene oxide",2.2,,,N,
UN3298,Ethylene oxide and pentafluoroethane mixture with not more than 7.9 percent ethylene oxide,2.2,,,N,
UN2983,"Ethylene oxide and propylene oxide mixtures, with not more than 30 percent ethylene oxide",3,6.1,I,N,
UN3299,Ethylene oxide and tetrafluoroethane mixture with not more than 5.6 percent ethylene oxide,2.2,,,N,
UN1040,Ethylene oxide or Ethylene oxide with nitrogen up to a total pressure of 1 MPa (10 bar) at 50 degrees C,2.3,2.1,,N,
UN1038,"Ethylene, refrigerated liquid (cryogenic liquid)",2.1,,,N,
UN1604,Ethylenediamine,8,3,II,N,
UN1185,"Ethyleneimine, stabilized",6.1,3,I,N,
UN2748,2-Ethylhexyl chloroformate,6.1,8,II,N,
UN2276,2-Ethylhexylamine,3,8,III,N,
UN2435,Ethylphenyldichlorosilane,8,,II,N,
UN2386,1-Ethylpiperidine,3,8,II,N,
UN2754,N-Ethyltoluidines,6.1,,II,N,
UN1196,Ethyltrichlorosilane,3,8,II,N,
UN0081,"Explosive, blasting, type A",1.1D,,,N,
UN0082,"Explosive, blasting, type B",1.1D,,,N,
UN0331,"Explosive, blasting, type B or Agent blasting, Type B",1.5D,,,N,
UN0083,"Explosive, blasting, type C",1.1D,,,N,
UN0084,"Explosive, blasting, type D",1.1D,,,N,
UN0241,"Explosive, blasting, type E",1.1D,,,N,
UN0332,"Explosive, blasting, type E or Agent blasting, type E",1.5D,,,N,
UN1197,"Extracts, liquid, for flavor or aroma",3,,II,N,
UN1197,"Extracts, liquid, for flavor or aroma",3,,III,N,
UN1606,Ferric arsenate,6.1,,II,N,
UN1607,Ferric arsenite,6.1,,II,N,
UN1773,"Ferric chloride, anhydrous",8,,III,N,
UN2582,"Ferric chloride, solution",8,,III,N,
UN1466,Ferric nitrate,5.1,,III,N,
UN1323,Ferrocerium,4.1,,II,N,
UN1408,Ferrosilicon with 30 percent or more but less than 90 percent silicon,4.3,6.1,III,N,
UN1608,Ferrous arsenate,6.1,,II,N,
NA1759,"Ferrous chloride, solid",8,,II,N,D
NA1760,"Ferrous chloride, solution",8,,II,N,D
UN2793,Ferrous metal borings or Ferrous metal shavings or Ferrous metal turnings or Ferrous metal cuttings in a form liable to self-heating,4.2,,III,N,
UN1043,Fertilizer ammoniating solution with free ammonia,2.2,,,N,
UN1372,"Fibers, animal or Fibers, vegetable burnt, wet or damp",4.2,,III,N,A I W
UN3360,"Fibers, vegetable, dry",4.1,,III,N,"A, I, W"
UN1373,"Fibers or Fabrics, animal or vegetable or Synthetic, n.o.s. with animal or vegetable oil",4.2,,III,Y,A W
UN1353,"Fibers or Fabrics impregnated with weakly nitrated nitrocellulose, n.o.s",4.1,,III,Y,
UN1324,"Films, nitrocellulose base, gelatine coated (except scrap)",4.1,,III,N,
UN1774,"Fire extinguisher charges, corrosive liquid",8,,II,N,
UN1044,Fire extinguishers containing compressed or liquefied gas,2.2,,,N,
UN2623,"Firelighters, solid with flammable liquid",4.1,,III,N,
UN0333,Fireworks,1.1G,,,N,
UN0334,Fireworks,1.2G,,,N,
UN0335,Fireworks,1.3G,,,N,
UN0336,Fireworks,1.4G,,,N,
UN0337,Fireworks,1.4S,,,N,
UN3316,First aid kit,9,,,N,
UN2216,"Fish meal, stabilized or Fish scrap, stabilized",9,,III,N,"A, W"
UN1374,"Fish meal, unstablized or Fish scrap, unstabilized",4.2,,II,N,
UN3286,"Flammable liquid, toxic, corrosive, n.o.s.",3,"6.1,8",I,Y,G
UN3286,"Flammable liquid, toxic, corrosive, n.o.s.",3,"6.1,8",II,Y,G
UN2924,"Flammable liquids, corrosive, n.o.s.",3,8,I,Y,G
UN2924,"Flammable liquids, corrosive, n.o.s.",3,8,II,Y,G
UN2924,"Flammable liquids, corrosive, n.o.s.",3,8,III,Y,G
UN1993,"Flammable liquids, n.o.s.",3,,I,Y,G
UN1993,"Flammable liquids, n.o.s.",3,,II,Y,G
UN1993,"Flammable liquids, n.o.s.",3,,III,Y,G
UN1992,"Flammable liquids, toxic, n.o.s.",3,6.1,I,Y,G
UN1992,"Flammable liquids, toxic, n.o.s.",3,6.1,II,Y,G
UN1992,"Flammable liquids, toxic, n.o.s.",3,6.1,III,Y,G
UN3180,"Flammable solid, corrosive, inorganic, n.o.s.",4.1,8,II,Y,G
UN3180,"Flammable solid, corrosive, inorganic, n.o.s.",4.1,8,III,Y,G
UN3178,"Flammable solid, inorganic, n.o.s.",4.1,,II,Y,G
UN3178,"Flammable solid, inorganic, n.o.s.",4.1,,III,Y,G
UN3176,"Flammable solid, organic, molten, n.o.s.",4.1,,II,Y,G
UN3176,"Flammable solid, organic, molten, n.o.s.",4.1,,III,Y,G
UN3097,"Flammable solid, oxidizing, n.o.s",4.1,5.1,II,Y,G
UN3097,"Flammable solid, oxidizing, n.o.s",4.1,5.1,III,Y,G
UN3179,"Flammable solid, toxic, inorganic, n.o.s.",4.1,6.1,II,Y,G
UN3179,"Flammable solid, toxic, inorganic, n.o.s.",4.1,6.1,III,Y,G
UN2925,"Flammable solids, corrosive, organic, n.o.s.",4.1,8,II,Y,G
UN2925,"Flammable solids, corrosive, organic, n.o.s.",4.1,8,III,Y,G
UN1325,"Flammable solids, organic, n.o.s.",4.1,,II,Y,G
UN1325,"Flammable solids, organic, n.o.s.",4.1,,III,Y,G
UN2926,"Flammable solids, toxic, organic, n.o.s.",4.1,6.1,II,Y,G
UN2926,"Flammable solids, toxic, organic, n.o.s.",4.1,6.1,III,Y,G
UN0093,"Flares, aerial",1.3G,,,N,
UN0403,"Flares, aerial",1.4G,,,N,
UN0404,"Flares, aerial",1.4S,,,N,
UN0420,"Flares, aerial",1.1G,,,N,
UN0421,"Flares, aerial",1.2G,,,N,
UN0092,"Flares, surface",1.3G,,,N,
UN0418,"Flares, surface",1.1G,,,N,
UN0419,"Flares, surface",1.2G,,,N,
UN0094,Flash powder,1.1G,,,N,
UN0305,Flash powder,1.3G,,,N,
UN1045,"Fluorine, compressed",2.3,"5.1,8",,N,
UN2642,Fluoroacetic acid,6.1,,I,N,
UN2941,Fluoroanilines,6.1,,III,N,
UN2387,Fluorobenzene,3,,II,N,
UN1775,Fluoroboric acid,8,,II,N,
UN1776,Fluorophosphoric acid anhydrous,8,,II,N,
UN2856,"Fluorosilicates, n.o.s",6.1,,III,Y,G
UN1778,Fluorosilicic acid,8,,II,N,
UN1777,Fluorosulfonic acid,8,,I,N,
UN2388,Fluorotoluenes,3,,II,N,
UN1198,"Formaldehyde solutions, flammable",3,8,III,N,
UN2209,"Formaldehyde solutions, with not less than 25 percent formaldehyde",8,,III,N,
UN3412,Formic acid with not less than 10% but not more than 85% acid by mass,8,,II,N,
UN3412,Formic acid with not less than 5% but less than 10% acid by mass,8,,III,N,
UN1779,Formic acid with more than 85% acid by mass,8,3,II,N,
UN0099,"Fracturing devices, explosive, without detonators for oil wells",1.1D,,,N,
UN1863,"Fuel, aviation, turbine engine",3,,I,N,
UN1863,"Fuel, aviation, turbine engine",3,,II,N,
UN1863,"Fuel, aviation, turbine engine",3,,III,N,
UN3477,"Fuel cell cartridges or Fuel cell cartridges contained in equipment or Fuel cell cartridges packed with equipment, containing corrosive substances",8,,,N,
UN3473,"Fuel cell cartridges or Fuel cell cartridges contained in equipment or Fuel cell cartridges packed with equipment, containing flammable liquids",3,,,N,
UN3479,"Fuel cell cartridges or Fuel cell cartridges contained in equipment or Fuel cell cartridges packed with equipment, containing hydrogen in metal hydride",2.1,,,N,
UN3478,"Fuel cell cartridges or Fuel cell cartridges contained in equipment or Fuel cell cartridges packed with equipment, containing liquefied flammable gas",2.1,,,N,
UN3476,"Fuel cell cartridges or Fuel cell cartridges contained in equipment or Fuel cell cartridges packed with equipment, containing water-reactive substances",4.3,,,N,
NA1993,"Fuel oil (No. 1, 2, 4, 5, or 6)",3,,III,N,D
UN1780,Fumaryl chloride,8,,II,N,
UN1199,Furaldehydes,6.1,3,II,N,
UN2389,Furan,3,,I,N,
UN2874,Furfuryl alcohol,6.1,,III,N,
UN2526,Furfurylamine,3,8,III,N,
UN0103,"Fuse, igniter tubular metal clad",1.4G,,,N,
UN0101,"Fuse, non-detonating instantaneous or quickmatch",1.3G,,,N,
UN0105,"Fuse, safety",1.4S,,,N,
NA1325,Fusee (railway or highway),4.1,,II,N,D
UN1201,Fusel oil,3,,II,N,
UN1201,Fusel oil,3,,III,N,
UN0106,"Fuzes, detonating",1.1B,,,N,
UN0107,"Fuzes, detonating",1.2B,,,N,
UN0257,"Fuzes, detonating",1.4B,,,N,
UN0367,"Fuzes, detonating",1.4S,,,N,
UN0408,"Fuzes, detonating, with protective features",1.1D,,,N,
UN0409,"Fuzes, detonating, with protective features",1.2D,,,N,
UN0410,"Fuzes, detonating, with protective features",1.4D,,,N,
UN0316,"Fuzes, igniting",1.3G,,,N,
UN0317,"Fuzes, igniting",1.4G,,,N,
UN0368,"Fuzes, igniting",1.4S,,,N,
UN2803,Gallium,8,,III,N,
UN2037,"Gas cartridges, (flammable) without a release device, non-refillable",2.1,,,N,
NA9035,Gas identification set,2.3,,,N,D
UN1202,Gas oil,3,,III,N,
UN3312,"Gas, refrigerated liquid, flammable, n.o.s. (cryogenic liquid)",2.1,,,Y,G
UN3158,"Gas, refrigerated liquid, n.o.s. (cryogenic liquid)",2.2,,,Y,G
UN3311,"Gas, refrigerated liquid, oxidizing, n.o.s. (cryogenic liquid)",2.2,5.1,,Y,G
UN3167,"Gas sample, non-pressurized, flammable, n.o.s., not refrigerated liquid",2.1,,,Y,
UN3168,"Gas sample, non-pressurized, toxic, flammable, n.o.s., not refrigerated liquid",2.3,2.1,,Y,
UN3169,"Gas sample, non-pressurized, toxic, n.o.s., not refrigerated liquid",2.3,,,Y,
UN1203,"Gasoline includes gasoline mixed with ethyl alcohol, with not more than 10% alcohol",3,,II,N,
UN2192,Germane,2.3,2.1,,N,
UN3523,"Germane, adsorbed",2.3,2.1,,N,
UN2689,Glycerol alpha-monochlorohydrin,6.1,,III,N,
UN2622,Glycidaldehyde,3,6.1,II,N,
UN0284,"Grenades, hand or rifle, with bursting charge",1.1D,,,N,
UN0285,"Grenades, hand or rifle, with bursting charge",1.2D,,,N,
UN0292,"Grenades, hand or rifle, with bursting charge",1.1F,,,N,
UN0293,"Grenades, hand or rifle, with bursting charge",1.2F,,,N,
UN0110,"Grenades, practice, hand or rifle",1.4S,,,N,
UN0318,"Grenades, practice, hand or rifle",1.3G,,,N,
UN0372,"Grenades, practice, hand or rifle",1.2G,,,N,
UN0452,"Grenades practice, hand or rifle",1.4G,,,N,
UN1467,Guanidine nitrate,5.1,,III,N,
UN0113,"Guanyl nitrosaminoguanylidene hydrazine, wetted with not less than 30 percent water, by mass",1.1A,,,N,
UN0114,"Guanyl nitrosaminoguanyltetrazene, wetted or Tetrazene, wetted with not less than 30 percent water or mixture of alcohol and water, by mass",1.1A,,,N,
UN2545,"Hafnium powder, dry",4.2,,I,N,
UN2545,"Hafnium powder, dry",4.2,,II,N,
UN2545,"Hafnium powder, dry",4.2,,III,N,
UN1326,"Hafnium powder, wetted with not less than 25 percent water (a visible excess of water must be present) (a) mechanically produced, particle size less than 53 microns; (b) chemically produced, particle size less than 840 microns",4.1,,II,N,
NA3082,"Hazardous waste, liquid, n.o.s.",9,,III,Y,D G
NA3077,"Hazardous waste, solid, n.o.s.",9,,III,Y,D G
UN1202,"Heating oil, light",3,,III,N,
UN1046,"Helium, compressed",2.2,,,N,
UN1963,"Helium, refrigerated liquid (cryogenic liquid)",2.2,,,N,
UN3296,Heptafluoropropane or Refrigerant gas R 227,2.2,,,N,
UN3056,n-Heptaldehyde,3,,III,N,
UN1206,Heptanes,3,,II,N,
UN2278,n-Heptene,3,,II,N,
UN2661,Hexachloroacetone,6.1,,III,N,
UN2729,Hexachlorobenzene,6.1,,III,N,
UN2279,Hexachlorobutadiene,6.1,,III,N,
UN2646,Hexachlorocyclopentadiene,6.1,,I,N,
UN2875,Hexachlorophene,6.1,,III,N,
UN1781,Hexadecyltrichlorosilane,8,,II,N,
UN2458,Hexadienes,3,,II,N,
UN1612,Hexaethyl tetraphosphate and compressed gas mixtures,2.3,,,N,
UN1611,"Hexaethyl tetraphosphate, liquid",6.1,,II,N,
UN1611,"Hexaethyl tetraphosphate, solid",6.1,,II,N,
UN2420,Hexafluoroacetone,2.3,8,,N,
UN2552,"Hexafluoroacetone hydrate, liquid",6.1,,II,N,
UN3436,"Hexafluoroacetone hydrate, solid",6.1,,II,N,
UN2193,"Hexafluoroethane, or Refrigerant gas R 116",2.2,,,N,
UN1782,Hexafluorophosphoric acid,8,,II,N,
UN1858,Hexafluoropropylene compressed or Refrigerant gas R 1216,2.2,,,N,
UN1207,Hexaldehyde,3,,III,N,
UN2281,Hexamethylene diisocyanate,6.1,,II,N,
UN2280,"Hexamethylenediamine, solid",8,,III,N,
UN1783,Hexamethylenediamine solution,8,,II,N,
UN1783,Hexamethylenediamine solution,8,,III,N,
UN2493,Hexamethyleneimine,3,8,II,N,
UN1328,Hexamethylenetetramine,4.1,,III,N,
UN1208,Hexanes,3,,II,N,
UN0079,Hexanitrodiphenylamine or Dipicrylamine or Hexyl,1.1D,,,N,
UN0392,Hexanitrostilbene,1.1D,,,N,
UN2282,Hexanols,3,,III,N,
UN2370,1-Hexene,3,,II,N,
UN0118,"Hexolite, or Hexotol dry or wetted with less than 15 percent water, by mass",1.1D,,,N,
UN0393,Hexotonal,1.1D,,,N,
UN1784,Hexyltrichlorosilane,8,,II,N,
UN2029,"Hydrazine, anhydrous",8,"3,6.1",I,N,
UN3293,"Hydrazine, aqueous solution, with not more than 37 percent hydrazine, by mass",6.1,,III,N,
UN3484,"Hydrazine aqueous solution, flammable with more than 37% hydrazine, by mass",8,"3,6.1",I,N,
UN2030,"Hydrazine aqueous solution, with more than 37% hydrazine, by mass",8,6.1,I,N,
UN2030,"Hydrazine aqueous solution, with more than 37% hydrazine, by mass",8,6.1,II,N,
UN2030,"Hydrazine aqueous solution, with more than 37% hydrazine, by mass",8,6.1,III,N,
UN1787,Hydriodic acid,8,,II,N,
UN1787,Hydriodic acid,8,,III,N,
UN1788,"Hydrobromic acid, with more than 49 percent hydrobromic acid",8,,II,N,
UN1788,"Hydrobromic acid, with more than 49 percent hydrobromic acid",8,,III,N,
UN1788,"Hydrobromic acid, with not more than 49 percent hydrobromic acid",8,,II,N,
UN1788,"Hydrobromic acid, with not more than 49 percent hydrobromic acid",8,,III,N,
UN1964,"Hydrocarbon gas mixture, compressed, n.o.s.",2.1,,,Y,
UN1965,"Hydrocarbon gas mixture, liquefied, n.o.s.",2.1,,,Y,
UN3295,"Hydrocarbons, liquid, n.o.s.",3,,I,Y,
UN3295,"Hydrocarbons, liquid, n.o.s.",3,,II,Y,
UN3295,"Hydrocarbons, liquid, n.o.s.",3,,III,Y,
UN1789,Hydrochloric acid,8,,II,N,
UN1789,Hydrochloric acid,8,,III,N,
UN1613,"Hydrocyanic acid, aqueous solutions or Hydrogen cyanide, aqueous solutions with not more than 20 percent hydrogen cyanide",6.1,,I,N,
NA1613,"Hydrocyanic acid, aqueous solutions with less than 5 percent hydrogen cyanide",6.1,,II,N,D
UN1786,Hydrofluoric acid and Sulfuric acid mixtures,8,6.1,I,N,
UN1790,"Hydrofluoric acid, with more than 60 percent strength",8,6.1,I,N,
UN1790,"Hydrofluoric acid, with not more than 60 percent strength",8,6.1,II,N,
UN2034,"Hydrogen and Methane mixtures, compressed",2.1,,,N,
UN1048,"Hydrogen bromide, anhydrous",2.3,8,,N,
UN1050,"Hydrogen chloride, anhydrous",2.3,8,,N,
UN2186,"Hydrogen chloride, refrigerated liquid",2.3,8,,N,
UN1049,"Hydrogen, compressed",2.1,,,N,
UN3294,"Hydrogen cyanide, solution in alcohol with not more than 45 percent hydrogen cyanide",6.1,3,I,N,
UN1051,"Hydrogen cyanide, stabilized with less than 3 percent water",6.1,3,I,N,
UN1614,"Hydrogen cyanide, stabilized, with less than 3 percent water and absorbed in a porous inert material",6.1,,I,N,
UN1052,"Hydrogen fluoride, anhydrous",8,,I,N,
UN3468,Hydrogen in a metal hydride storage system or Hydrogen in a metal hydride storage system contained in equipment or Hydrogen in a metal hydride storage system packed with equipment,2.1,,,N,
UN2197,"Hydrogen iodide, anhydrous",2.3,8,,N,
UN3149,"Hydrogen peroxide and peroxyacetic acid mixtures, stabilized with acids, water, and not more than 5 percent peroxyacetic acid",5.1,8,II,N,
UN2014,"Hydrogen peroxide, aqueous solutions with more than 40 percent but not more than 60 percent hydrogen peroxide (stabilized as necessary)",5.1,8,II,N,
UN2014,"Hydrogen peroxide, aqueous solutions with not less than 20 percent but not more than 40 percent hydrogen peroxide (stabilized as necessary)",5.1,8,II,N,
UN2984,"Hydrogen, peroxide, aqueous solutions with not less than 8 percent but less than 20 percent hydrogen peroxide (stabilized as necessary)",5.1,,III,N,
UN2015,"Hydrogen peroxide, stabilized or Hydrogen peroxide aqueous solutions, stabilized with more than 60 percent hydrogen peroxide",5.1,8,I,N,
UN1966,"Hydrogen, refrigerated liquid (cryogenic liquid)",2.1,,,N,
UN3526,"Hydrogen selenide, adsorbed",2.3,2.1,,N,
UN2202,"Hydrogen selenide, anhydrous",2.3,2.1,,N,
UN1053,Hydrogen sulfide,2.3,2.1,,N,
UN1740,"Hydrogendifluoride, solid, n.o.s.",8,,II,Y,
UN1740,"Hydrogendifluoride, solid, n.o.s.",8,,III,Y,
UN3471,"Hydrogendifluoride solution, n.o.s",8,6.1,II,Y,
UN3471,"Hydrogendifluoride solution, n.o.s",8,6.1,III,Y,
UN0508,"1-Hydroxybenzotriazole, anhydrous, dry or wetted with less than 20 percent water, by mass",1.3C,,,N,
UN3474,"1-Hydroxybenzotriazole, monohydrate",4.1,,I,N,
UN2865,Hydroxylamine sulfate,8,,III,N,
UN1791,Hypochlorite solutions,8,,II,N,
UN1791,Hypochlorite solutions,8,,III,N,
UN3212,"Hypochlorites, inorganic, n.o.s",5.1,,II,Y,G
UN0121,Igniters,1.1G,,,N,
UN0314,Igniters,1.2G,,,N,
UN0315,Igniters,1.3G,,,N,
UN0325,Igniters,1.4G,,,N,
UN0454,Igniters,1.4S,,,N,
UN2269,"3,3′-Iminodipropylamine",8,,III,N,
UN2900,"Infectious substances, affecting animals only",6.2,,,N,G
UN2814,"Infectious substances, affecting humans",6.2,,,N,G
UN1968,"Insecticide gases, n.o.s.",2.2,,,Y,G
UN3354,"Insecticide gases, flammable, n.o.s.",2.1,,,Y,G
UN3355,"Insecticide gases, toxic, flammable, n.o.s. Inhalation hazard Zone A",2.3,2.1,,Y,G
UN3355,"Insecticide gases, toxic, flammable, n.o.s. Inhalation hazard Zone B",2.3,2.1,,Y,G
UN3355,"Insecticide gases, toxic, flammable, n.o.s. Inhalation hazard Zone C",2.3,2.1,,Y,G
UN3355,"Insecticide gases, toxic, flammable, n.o.s. Inhalation hazard Zone D",2.3,2.1,,Y,G
UN1967,"Insecticide gases, toxic, n.o.s.",2.3,,,Y,G
UN3495,Iodine,8,6.1,III,N,+
UN3498,"Iodine monochloride, liquid",8,,II,N,
UN1792,"Iodine monochloride, solid",8,,II,N,
UN2495,Iodine pentafluoride,5.1,"6.1,8",I,N,
UN2390,2-Iodobutane,3,,II,N,
UN2391,Iodomethylpropanes,3,,II,N,
UN2392,Iodopropanes,3,,III,N,
UN1376,"Iron oxide, spent, or Iron sponge, spent obtained from coal gas purification",4.2,,III,N,
UN1994,Iron pentacarbonyl,6.1,3,I,N,
UN1969,"Isobutane see also Petroleum gases, liquefied",2.1,,,N,
UN1212,Isobutanol or Isobutyl alcohol,3,,III,N,
UN1213,Isobutyl acetate,3,,II,N,
UN2527,"Isobutyl acrylate, stabilized",3,,III,N,
UN2393,Isobutyl formate,3,,II,N,
UN2528,Isobutyl isobutyrate,3,,III,N,
UN2486,Isobutyl isocyanate,6.1,3,I,N,+
UN2283,"Isobutyl methacrylate, stabilized",3,,III,N,
UN2394,Isobutyl propionate,3,,III,N,
UN1214,Isobutylamine,3,8,II,N,
UN1055,"Isobutylene see also Petroleum gases, liquefied",2.1,,,N,
UN2045,Isobutyraldehyde or Isobutyl aldehyde,3,,II,N,
UN2529,Isobutyric acid,3,8,III,N,
UN2284,Isobutyronitrile,3,6.1,II,N,
UN2395,Isobutyryl chloride,3,8,II,N,
UN2478,"Isocyanates, flammable, toxic, n.o.s. or Isocyanate solutions, flammable, toxic, n.o.s. flash point less than 23 degrees C",3,6.1,II,Y,G
UN2478,"Isocyanates, flammable, toxic, n.o.s. or Isocyanate solutions, flammable, toxic, n.o.s. flash point less than 23 degrees C",3,6.1,III,Y,G
UN3080,"Isocyanates, toxic, flammable, n.o.s. or Isocyanate solutions, toxic, flammable, n.o.s., flash point not less than 23 degrees C but not more than 61 degrees C and boiling point less than 300 degrees C",6.1,3,II,Y,G
UN2206,"Isocyanates, toxic, n.o.s. or Isocyanate solutions, toxic, n.o.s., flash point more than 61 degrees C and boiling point less than 300 degrees C",6.1,,II,Y,G
UN2206,"Isocyanates, toxic, n.o.s. or Isocyanate solutions, toxic, n.o.s., flash point more than 61 degrees C and boiling point less than 300 degrees C",6.1,,III,Y,G
UN2285,Isocyanatobenzotrifluorides,6.1,3,II,N,
UN2287,Isoheptenes,3,,II,N,
UN2288,Isohexenes,3,,II,N,
UN1216,Isooctenes,3,,II,N,
UN2371,Isopentenes,3,,I,N,
UN2290,Isophorone diisocyanate,6.1,,III,N,
UN2289,Isophoronediamine,8,,III,N,
UN1218,"Isoprene, stabilized",3,,I,N,
UN1219,Isopropanol or Isopropyl alcohol,3,,II,N,
UN2403,Isopropenyl acetate,3,,II,N,
UN2303,Isopropenylbenzene,3,,III,N,
UN1220,Isopropyl acetate,3,,II,N,
UN1793,Isopropyl acid phosphate,8,,III,N,
UN2405,Isopropyl butyrate,3,,III,N,
UN2947,Isopropyl chloroacetate,3,,III,N,
UN2407,Isopropyl chloroformate,6.1,"3,8",I,N,
UN2934,Isopropyl 2-chloropropionate,3,,III,N,
UN2406,Isopropyl isobutyrate,3,,II,N,
UN2483,Isopropyl isocyanate,6.1,3,I,N,+
UN1222,Isopropyl nitrate,3,,II,N,
UN2409,Isopropyl propionate,3,,II,N,
UN1221,Isopropylamine,3,8,I,N,
UN1918,Isopropylbenzene,3,,III,N,
UN2907,"Isosorbide dinitrate mixture with not less than 60 percent lactose, mannose, starch or calcium hydrogen phosphate",4.1,,II,N,
UN3251,Isosorbide-5-mononitrate,4.1,,III,N,
NA0124,"Jet perforating guns, charged oil well with detonator",1.1D,,,N,D
NA0494,"Jet perforating guns, charged oil well, with detonator",1.4D,,,N,D
UN0494,"Jet perforating guns, charged, oil well, without detonator",1.4D,,,N,
UN0124,"Jet perforating guns, charged oil well without detonator",1.1D,,,N,
UN1223,Kerosene,3,,III,N,
UN1224,"Ketones, liquid, n.o.s.",3,,I,Y,G
UN1224,"Ketones, liquid, n.o.s.",3,,II,Y,G
UN1224,"Ketones, liquid, n.o.s.",3,,III,Y,G
UN3497,Krill meal,4.2,,II,N,
UN3497,Krill meal,4.2,,III,N,
UN1056,"Krypton, compressed",2.2,,,N,
UN1970,"Krypton, refrigerated liquid (cryogenic liquid)",2.2,,,N,
UN1616,Lead acetate,6.1,,III,N,
UN1617,Lead arsenates,6.1,,II,N,
UN1618,Lead arsenites,6.1,,II,N,
UN0129,"Lead azide, wetted with not less than 20 percent water or mixture of alcohol and water, by mass",1.1A,,,N,
UN2291,"Lead compounds, soluble, n.o.s",6.1,,III,Y,G
UN1620,Lead cyanide,6.1,,II,N,
UN1872,Lead dioxide,5.1,,III,N,
UN1469,Lead nitrate,5.1,6.1,II,N,
UN1470,"Lead perchlorate, solid",5.1,6.1,II,N,
UN3408,"Lead perchlorate, solution",5.1,6.1,II,N,
UN3408,"Lead perchlorate, solution",5.1,6.1,III,N,
UN2989,"Lead phosphite, dibasic",4.1,,II,N,
UN2989,"Lead phosphite, dibasic",4.1,,III,N,
UN0130,"Lead styphnate, wetted or Lead trinitroresorcinate, wetted with not less than 20 percent water or mixture of alcohol and water, by mass",1.1A,,,N,
UN1794,Lead sulfate with more than 3 percent free acid,8,,II,N,
UN3072,"Life-saving appliances, not self inflating containing dangerous goods as equipment",9,,,N,
UN2990,"Life-saving appliances, self inflating",9,,,N,
UN1057,Lighters containing flammable gas,2.1,,,N,
NA1057,"Lighters, non-pressurized, containing flammable liquid,",3,,II,N,
UN1057,Lighter refills containing flammable gas not exceeding 4 fluid ounces (7.22 cubic inches) and 65 grams of flammable gas,2.1,,,N,
UN0131,"Lighters, fuse",1.4S,,,N,
UN3161,"Liquefied gas, flammable, n.o.s.",2.1,,,Y,G
UN3163,"Liquefied gas, n.o.s.",2.2,,,Y,G
UN3157,"Liquefied gas, oxidizing, n.o.s.",2.2,5.1,,Y,G
UN3308,"Liquefied gas, toxic, corrosive, n.o.s. Inhalation Hazard Zone A",2.3,8,,Y,G I
UN3308,"Liquefied gas, toxic, corrosive, n.o.s. Inhalation Hazard Zone B",2.3,8,,Y,G I
UN3308,"Liquefied gas, toxic, corrosive, n.o.s. Inhalation Hazard Zone C",2.3,8,,Y,G I
UN3308,"Liquefied gas, toxic, corrosive, n.o.s. Inhalation Hazard Zone D",2.3,8,,Y,G I
UN3309,"Liquefied gas, toxic, flammable, corrosive, n.o.s. Inhalation Hazard Zone A",2.3,"2.1,8",,Y,G I
UN3309,"Liquefied gas toxic, flammable, corrosive, n.o.s. Inhalation Hazard Zone B",2.3,"2.1,8",,Y,G I
UN3309,"Liquefied gas, toxic, flammable, corrosive, n.o.s. Inhalation Hazard Zone C",2.3,"2.1,8",,Y,G I
UN3309,"Liquefied gas, toxic, flammable, corrosive, n.o.s. Inhalation Hazard Zone D",2.3,"2.1,8",,Y,G I
UN3160,"Liquefied gas, toxic, flammable, n.o.s. Inhalation Hazard Zone A",2.3,2.1,,Y,G
UN3160,"Liquefied gas, toxic, flammable, n.o.s. Inhalation Hazard Zone B",2.3,2.1,,Y,G
UN3160,"Liquefied gas, toxic, flammable, n.o.s. Inhalation Hazard Zone C",2.3,2.1,,Y,G
UN3160,"Liquefied gas, toxic, flammable, n.o.s. Inhalation Hazard Zone D",2.3,2.1,,Y,G
UN3162,"Liquefied gas, toxic, n.o.s. Inhalation Hazard Zone A",2.3,,,Y,G
UN3162,"Liquefied gas, toxic, n.o.s. Inhalation Hazard Zone B",2.3,,,Y,G
UN3162,"Liquefied gas, toxic, n.o.s. Inhalation Hazard Zone C",2.3,,,Y,G
UN3162,"Liquefied gas, toxic, n.o.s. Inhalation Hazard Zone D",2.3,,,Y,G
UN3310,"Liquefied gas, toxic, oxidizing, corrosive, n.o.s. Inhalation Hazard Zone A",2.3,"5.1,8",,Y,G I
UN3310,"Liquefied gas, toxic, oxidizing, corrosive, n.o.s. Inhalation Hazard Zone B",2.3,"5.1,8",,Y,G I
UN3310,"Liquefied gas, toxic, oxidizing, corrosive, n.o.s. Inhalation Hazard Zone C",2.3,"5.1,8",,Y,G I
UN3310,"Liquefied gas, toxic, oxidizing, corrosive, n.o.s. Inhalation Hazard Zone D",2.3,"5.1,8",,Y,G I
UN3307,"Liquefied gas, toxic, oxidizing, n.o.s. Inhalation Hazard Zone A",2.3,5.1,,Y,G
UN3307,"Liquefied gas, toxic, oxidizing, n.o.s. Inhalation Hazard Zone B",2.3,5.1,,Y,G
UN3307,"Liquefied gas, toxic, oxidizing, n.o.s. Inhalation Hazard Zone C",2.3,5.1,,Y,G
UN3307,"Liquefied gas, toxic, oxidizing, n.o.s. Inhalation Hazard Zone D",2.3,5.1,,Y,G
UN1058,"Liquefied gases, non-flammable charged with nitrogen, carbon dioxide or air",2.2,,,N,
UN1415,Lithium,4.3,,I,N,
UN1410,Lithium aluminum hydride,4.3,,I,N,
UN1411,"Lithium aluminum hydride, ethereal",4.3,3,I,N,
UN3536,Lithium batteries installed in cargo transport unit lithium ion batteries or lithium metal batteries,9,,,N,
UN1413,Lithium borohydride,4.3,,I,N,
UN2830,Lithium ferrosilicon,4.3,,II,N,
UN1414,Lithium hydride,4.3,,I,N,
UN2805,"Lithium hydride, fused solid",4.3,,II,N,
UN2680,Lithium hydroxide,8,,II,N,
UN2679,"Lithium hydroxide, solution",8,,II,N,
UN2679,"Lithium hydroxide, solution",8,,III,N,
UN1471,"Lithium hypochlorite, dry or Lithium hypochlorite mixture",5.1,,II,N,
UN1471,"Lithium hypochlorite, dry or Lithium hypochlorite mixture",5.1,,III,N,
UN3480,Lithium ion batteries including lithium ion polymer batteries,9,,,N,
UN3481,Lithium ion batteries contained in equipment including lithium ion polymer batteries,9,,,N,
UN3481,Lithium ion batteries packed with equipment including lithium ion polymer batteries,9,,,N,
UN3090,Lithium metal batteries including lithium alloy batteries,9,,,N,
UN3091,Lithium metal batteries contained in equipment including lithium alloy batteries,9,,,N,
UN3091,Lithium metal batteries packed with equipment including lithium alloy batteries,9,,,N,
UN2722,Lithium nitrate,5.1,,III,N,
UN2806,Lithium nitride,4.3,,I,N,
UN1472,Lithium peroxide,5.1,,II,N,
UN1417,Lithium silicon,4.3,,II,N,
UN1621,London purple,6.1,,II,N,
UN1419,Magnesium aluminum phosphide,4.3,6.1,I,N,
UN1622,Magnesium arsenate,6.1,,II,N,+
UN1473,Magnesium bromate,5.1,,II,N,
UN2723,Magnesium chlorate,5.1,,II,N,
UN2004,Magnesium diamide,4.2,,II,N,
UN2853,Magnesium fluorosilicate,6.1,,III,N,
UN2950,"Magnesium granules, coated, particle size not less than 149 microns",4.3,,III,N,
UN2010,Magnesium hydride,4.3,,I,N,
UN1869,"Magnesium or Magnesium alloys with more than 50 percent magnesium in pellets, turnings or ribbons",4.1,,III,N,
UN1474,Magnesium nitrate,5.1,,III,N,
UN1475,Magnesium perchlorate,5.1,,II,N,
UN1476,Magnesium peroxide,5.1,,II,N,
UN2011,Magnesium phosphide,4.3,6.1,I,N,
UN1418,"Magnesium, powder or Magnesium alloys, powder",4.3,4.2,I,N,
UN1418,"Magnesium, powder or Magnesium alloys, powder",4.3,4.2,II,N,
UN1418,"Magnesium, powder or Magnesium alloys, powder",4.3,4.2,III,N,
UN2624,Magnesium silicide,4.3,,II,N,
UN2215,Maleic anhydride,8,,III,N,
UN2215,"Maleic anhydride, molten",8,,III,N,
UN2647,Malononitrile,6.1,,II,N,
UN2210,Maneb or Maneb preparations with not less than 60 percent maneb,4.2,4.3,III,N,
UN2968,"Maneb stabilized or Maneb preparations, stabilized against self-heating",4.3,,III,N,
UN2724,Manganese nitrate,5.1,,III,N,
UN1330,Manganese resinate,4.1,,III,N,
UN0133,"Mannitol hexanitrate, wetted or Nitromannite, wetted with not less than 40 percent water, or mixture of alcohol and water, by mass",1.1D,,,N,
UN2254,"Matches, fusee",4.1,,III,N,
UN1944,"Matches, safety (book, card or strike on box)",4.1,,III,N,
UN1331,"Matches, strike anywhere",4.1,,III,N,
UN1945,"Matches, wax, Vesta",4.1,,III,N,
UN3549,"Medical waste, category A, affecting humans, solid or Medical waste, category A, affecting animals only, solid",6.2,,,N,
UN3248,"Medicine, liquid, flammable, toxic, n.o.s",3,6.1,II,Y,
UN3248,"Medicine, liquid, flammable, toxic, n.o.s",3,6.1,III,Y,
UN1851,"Medicine, liquid, toxic, n.o.s",6.1,,II,Y,
UN1851,"Medicine, liquid, toxic, n.o.s",6.1,,III,Y,
UN3249,"Medicine, solid, toxic, n.o.s",6.1,,II,Y,
UN3249,"Medicine, solid, toxic, n.o.s",6.1,,III,Y,
UN3336,"Mercaptans, liquid, flammable, n.o.s. or Mercaptan mixture, liquid, flammable, n.o.s",3,,I,Y,
UN3336,"Mercaptans, liquid, flammable, n.o.s. or Mercaptan mixture, liquid, flammable, n.o.s",3,,II,Y,
UN3336,"Mercaptans, liquid, flammable, n.o.s. or Mercaptan mixture, liquid, flammable, n.o.s",3,,III,Y,
UN1228,"Mercaptans, liquid, flammable, toxic, n.o.s. or Mercaptan mixtures, liquid, flammable, toxic, n.o.s.",3,6.1,II,Y,
UN1228,"Mercaptans, liquid, flammable, toxic, n.o.s. or Mercaptan mixtures, liquid, flammable, toxic, n.o.s.",3,6.1,III,Y,
UN3071,"Mercaptans, liquid, toxic, flammable, n.o.s. or Mercaptan mixtures, liquid, toxic, flammable, n.o.s., flash point not less than 23 degrees C",6.1,3,II,Y,
UN0448,5-Mercaptotetrazol-1-acetic acid,1.4C,,,N,
UN1623,Mercuric arsenate,6.1,,II,N,
UN1624,Mercuric chloride,6.1,,II,N,
UN1625,Mercuric nitrate,6.1,,II,N,
UN1626,Mercuric potassium cyanide,6.1,,I,N,+
UN1627,Mercurous nitrate,6.1,,II,N,
UN2809,Mercury,8,6.1,III,N,A W
UN1629,Mercury acetate,6.1,,II,N,
UN1630,Mercury ammonium chloride,6.1,,II,N,
UN2778,"Mercury based pesticides, liquid, flammable, toxic, flash point less than 23 degrees C",3,6.1,I,N,
UN2778,"Mercury based pesticides, liquid, flammable, toxic, flash point less than 23 degrees C",3,6.1,II,N,
UN3012,"Mercury based pesticides, liquid, toxic",6.1,,I,N,
UN3012,"Mercury based pesticides, liquid, toxic",6.1,,II,N,
UN3012,"Mercury based pesticides, liquid, toxic",6.1,,III,N,
UN3011,"Mercury based pesticides, liquid, toxic, flammable, flash point not less than 23 degrees C",6.1,3,I,N,
UN3011,"Mercury based pesticides, liquid, toxic, flammable, flash point not less than 23 degrees C",6.1,3,II,N,
UN3011,"Mercury based pesticides, liquid, toxic, flammable, flash point not less than 23 degrees C",6.1,3,III,N,
UN2777,"Mercury based pesticides, solid, toxic",6.1,,I,N,
UN2777,"Mercury based pesticides, solid, toxic",6.1,,II,N,
UN2777,"Mercury based pesticides, solid, toxic",6.1,,III,N,
UN1631,Mercury benzoate,6.1,,II,N,
UN1634,Mercury bromides,6.1,,II,N,
UN2024,"Mercury compound, liquid, n.o.s",6.1,,I,Y,G
UN2024,"Mercury compound, liquid, n.o.s",6.1,,II,Y,G
UN2024,"Mercury compound, liquid, n.o.s",6.1,,III,Y,G
UN2025,"Mercury compound, solid, n.o.s",6.1,,I,Y,G
UN2025,"Mercury compound, solid, n.o.s",6.1,,II,Y,G
UN2025,"Mercury compound, solid, n.o.s",6.1,,III,Y,G
UN3506,Mercury contained in manufactured articles,8,6.1,,N,A W
UN1636,Mercury cyanide,6.1,,II,N,
UN0135,"Mercury fulminate, wetted with not less than 20 percent water, or mixture of alcohol and water, by mass",1.1A,,,N,
UN1637,Mercury gluconate,6.1,,II,N,
UN1638,Mercury iodide,6.1,,II,N,
UN1639,Mercury nucleate,6.1,,II,N,
UN1640,Mercury oleate,6.1,,II,N,
UN1641,Mercury oxide,6.1,,II,N,
UN1642,"Mercury oxycyanide, desensitized",6.1,,II,N,
UN1643,Mercury potassium iodide,6.1,,II,N,
UN1644,Mercury salicylate,6.1,,II,N,
UN1645,Mercury sulfates,6.1,,II,N,+
UN1646,Mercury thiocyanate,6.1,,II,N,
UN1229,Mesityl oxide,3,,III,N,
UN3281,"Metal carbonyls, liquid, n.o.s.",6.1,,I,Y,G
UN3281,"Metal carbonyls, liquid, n.o.s.",6.1,,II,Y,G
UN3281,"Metal carbonyls, liquid, n.o.s.",6.1,,III,Y,G
UN3466,"Metal carbonyls, solid, n.o.s.",6.1,,I,Y,G
UN3466,"Metal carbonyls, solid, n.o.s.",6.1,,II,Y,G
UN3466,"Metal carbonyls, solid, n.o.s.",6.1,,III,Y,G
UN2881,"Metal catalyst, dry",4.2,,I,N,G
UN2881,"Metal catalyst, dry",4.2,,II,N,G
UN2881,"Metal catalyst, dry",4.2,,III,N,G
UN1378,"Metal catalyst, wetted with a visible excess of liquid",4.2,,II,N,G
UN3182,"Metal hydrides, flammable, n.o.s",4.1,,II,Y,
UN3182,"Metal hydrides, flammable, n.o.s",4.1,,III,Y,
UN1409,"Metal hydrides, water reactive, n.o.s",4.3,,I,Y,G
UN1409,"Metal hydrides, water reactive, n.o.s",4.3,,II,Y,G
UN3189,"Metal powder, self-heating, n.o.s",4.2,,II,Y,
UN3189,"Metal powder, self-heating, n.o.s",4.2,,III,Y,
UN3089,"Metal powders, flammable, n.o.s",4.1,,II,Y,
UN3089,"Metal powders, flammable, n.o.s",4.1,,III,Y,
UN3181,"Metal salts of organic compounds, flammable, n.o.s",4.1,,II,Y,G
UN3181,"Metal salts of organic compounds, flammable, n.o.s",4.1,,III,Y,G
UN3181,"Metal salts of organic compounds, flammable, n.o.s",4.1,,III,Y,G
UN1332,Metaldehyde,4.1,,III,N,
UN3208,"Metallic substance, water-reactive, n.o.s",4.3,,I,Y,G
UN3208,"Metallic substance, water-reactive, n.o.s",4.3,,II,Y,G
UN3208,"Metallic substance, water-reactive, n.o.s",4.3,,III,Y,G
UN3209,"Metallic substance, water-reactive, self-heating, n.o.s",4.3,4.2,I,Y,G
UN3209,"Metallic substance, water-reactive, self-heating, n.o.s",4.3,4.2,II,Y,G
UN3209,"Metallic substance, water-reactive, self-heating, n.o.s",4.3,4.2,III,Y,G
UN2396,"Methacrylaldehyde, stabilized",3,6.1,II,N,
UN2531,"Methacrylic acid, stabilized",8,,II,N,
UN3079,"Methacrylonitrile, stabilized",6.1,3,I,N,+
UN2614,Methallyl alcohol,3,,III,N,
UN1971,"Methane, compressed or Natural gas, compressed (with high methane content)",2.1,,,N,
UN1972,"Methane, refrigerated liquid (cryogenic liquid) or Natural gas, refrigerated liquid (cryogenic liquid, with high methane content)",2.1,,,N,
UN3246,Methanesulfonyl chloride,6.1,8,I,N,
UN1230,Methanol,3,6.1,II,N,+ I
UN1230,Methanol,3,,II,N,D
UN2293,4-Methoxy-4-methylpentan-2-one,3,,III,N,
UN3092,1-Methoxy-2-propanol,3,,III,N,
UN2605,Methoxymethyl isocyanate,6.1,3,I,N,+
UN1231,Methyl acetate,3,,II,N,
UN1060,"Methyl acetylene and propadiene mixtures, stabilized",2.1,,,N,
UN1919,"Methyl acrylate, stabilized",3,,II,N,
UN2554,Methyl allyl chloride,3,,II,N,
UN1062,Methyl bromide,2.3,,,N,
UN1647,"Methyl bromide and ethylene dibromide mixtures, liquid",6.1,,I,N,
UN2643,Methyl bromoacetate,6.1,,II,N,
UN3371,2-Methylbutanal,3,,II,N,
UN2459,2-Methyl-1-butene,3,,I,N,
UN2460,2-Methyl-2-butene,3,,II,N,
UN2561,3-Methyl-1-butene,3,,I,N,
UN2398,Methyl tert-butyl ether,3,,II,N,
UN1237,Methyl butyrate,3,,II,N,
UN1063,Methyl chloride or Refrigerant gas R 40,2.1,,,N,
UN1912,Methyl chloride and methylene chloride mixtures,2.1,,,N,
UN2295,Methyl chloroacetate,6.1,3,I,N,
UN1238,Methyl chloroformate,6.1,"3,8",I,N,
UN1239,Methyl chloromethyl ether,6.1,3,I,N,
UN2933,Methyl 2-chloropropionate,3,,III,N,
UN2299,Methyl dichloroacetate,6.1,,III,N,
UN2300,2-Methyl-5-ethylpyridine,6.1,,III,N,
UN2454,"Methyl fluoride, or Refrigerant gas R 41",2.1,,,N,
UN1243,Methyl formate,3,,I,N,
UN3023,2-Methyl-2-heptanethiol,6.1,3,I,N,
UN2644,Methyl iodide,6.1,,I,N,
UN2053,Methyl isobutyl carbinol,3,,III,N,
UN1245,Methyl isobutyl ketone,3,,II,N,
UN2480,Methyl isocyanate,6.1,3,I,N,
UN1246,"Methyl isopropenyl ketone, stabilized",3,,II,N,
UN2477,Methyl isothiocyanate,6.1,3,I,N,
UN2400,Methyl isovalerate,3,,II,N,
UN1928,"Methyl magnesium bromide, in ethyl ether",4.3,3,I,N,
UN1064,Methyl mercaptan,2.3,2.1,,N,
UN1247,"Methyl methacrylate monomer, stabilized",3,,II,N,
UN2606,Methyl orthosilicate,6.1,3,I,N,
NA9206,Methyl phosphonic dichloride,6.1,8,I,N,D
NA2845,"Methyl phosphonous dichloride, pyrophoric liquid",6.1,4.2,I,N,D
UN1248,Methyl propionate,3,,II,N,
UN2612,Methyl propyl ether,3,,II,N,
UN1249,Methyl propyl ketone,3,,II,N,
UN2533,Methyl trichloroacetate,6.1,,III,N,
UN1251,"Methyl vinyl ketone, stabilized",6.1,"3,8",I,N,
UN1234,Methylal,3,,II,N,
UN1061,"Methylamine, anhydrous",2.1,,,N,
UN1235,"Methylamine, aqueous solution",3,8,II,N,
UN1233,Methylamyl acetate,3,,III,N,
UN2294,N-Methylaniline,6.1,,III,N,
UN2937,"alpha-Methylbenzyl alcohol, liquid",6.1,,III,N,
UN3438,"alpha-Methylbenzyl alcohol, solid",6.1,,III,N,
UN2397,3-Methylbutan-2-one,3,,II,N,
UN2945,N-Methylbutylamine,3,8,II,N,
UN2534,Methylchlorosilane,2.3,"2.1,8",,N,
UN2296,Methylcyclohexane,3,,II,N,
UN2617,"Methylcyclohexanols, flammable",3,,III,N,
UN2297,Methylcyclohexanone,3,,III,N,
UN2298,Methylcyclopentane,3,,II,N,
NA1556,Methyldichloroarsine,6.1,,I,N,D
UN1242,Methyldichlorosilane,4.3,"8,3",I,N,
UN2301,2-Methylfuran,3,,II,N,
UN2302,5-Methylhexan-2-one,3,,III,N,
UN1244,Methylhydrazine,6.1,"3,8",I,N,
UN2535,4-Methylmorpholine or n-methylmorpholine,3,8,II,N,
UN2461,Methylpentadienes,3,,II,N,
UN2560,2-Methylpentan-2-ol,3,,III,N,
UN2437,Methylphenyldichlorosilane,8,,II,N,
UN2399,1-Methylpiperidine,3,8,II,N,
UN2536,Methyltetrahydrofuran,3,,II,N,
UN1250,Methyltrichlorosilane,3,8,II,N,
UN2367,alpha-Methylvaleraldehyde,3,,II,N,
UN0136,Mines with bursting charge,1.1F,,,N,
UN0137,Mines with bursting charge,1.1D,,,N,
UN0138,Mines with bursting charge,1.2D,,,N,
UN0294,Mines with bursting charge,1.2F,,,N,
NA0276,Model rocket motor,1.4C,,,N,D
NA0323,Model rocket motor,1.4S,,,N,D
UN2508,Molybdenum pentachloride,8,,III,N,
UN2054,Morpholine,8,3,I,N,
UN3483,"Motor fuel anti-knock mixture, flammable",6.1,3,I,N,+
UN1649,Motor fuel anti-knock mixtures,6.1,,I,N,+
UN1334,"Naphthalene, crude or Naphthalene, refined",4.1,,III,N,
UN1650,"beta-Naphthylamine, solid",6.1,,II,N,
UN3411,beta-Naphthylamine solution,6.1,,II,N,
UN3411,beta-Naphthylamine solution,6.1,,III,N,
UN2077,alpha-Naphthylamine,6.1,,III,N,
UN2304,"Naphthalene, molten",4.1,,III,N,
UN1651,Naphthylthiourea,6.1,,II,N,
UN1652,Naphthylurea,6.1,,II,N,
UN1065,"Neon, compressed",2.2,,,N,
UN1913,"Neon, refrigerated liquid (cryogenic liquid)",2.2,,,N,
UN1259,Nickel carbonyl,6.1,3,I,N,
UN1653,Nickel cyanide,6.1,,II,N,
UN2725,Nickel nitrate,5.1,,III,N,
UN2726,Nickel nitrite,5.1,,III,N,
UN1654,Nicotine,6.1,,II,N,
UN3144,"Nicotine compounds, liquid, n.o.s. or Nicotine preparations, liquid, n.o.s",6.1,,I,Y,G
UN3144,"Nicotine compounds, liquid, n.o.s. or Nicotine preparations, liquid, n.o.s",6.1,,II,Y,G
UN3144,"Nicotine compounds, liquid, n.o.s. or Nicotine preparations, liquid, n.o.s",6.1,,III,Y,G
UN1655,"Nicotine compounds, solid, n.o.s. or Nicotine preparations, solid, n.o.s.",6.1,,I,Y,G
UN1655,"Nicotine compounds, solid, n.o.s. or Nicotine preparations, solid, n.o.s.",6.1,,II,Y,G
UN1655,"Nicotine compounds, solid, n.o.s. or Nicotine preparations, solid, n.o.s.",6.1,,III,Y,G
UN1656,Nicotine hydrochloride liquid or solution,6.1,,II,N,
UN1656,Nicotine hydrochloride liquid or solution,6.1,,III,N,
UN3444,"Nicotine hydrochloride, solid",6.1,,II,N,
UN1657,Nicotine salicylate,6.1,,II,N,
UN1658,Nicotine sulfate solution,6.1,,II,N,
UN1658,Nicotine sulfate solution,6.1,,III,N,
UN3445,"Nicotine sulphate, solid",6.1,,II,N,
UN1659,Nicotine tartrate,6.1,,II,N,
UN3218,"Nitrates, inorganic, aqueous solution, n.o.s.",5.1,,II,Y,
UN3218,"Nitrates, inorganic, aqueous solution, n.o.s.",5.1,,III,Y,
UN1477,"Nitrates, inorganic, n.o.s.",5.1,,II,Y,
UN1477,"Nitrates, inorganic, n.o.s.",5.1,,III,Y,
UN1826,"Nitrating acid mixtures, spent with more than 50 percent nitric acid",8,5.1,I,N,
UN1826,Nitrating acid mixtures spent with not more than 50 percent nitric acid,8,,II,N,
UN1796,Nitrating acid mixtures with more than 50 percent nitric acid,8,5.1,I,N,
UN1796,Nitrating acid mixtures with not more than 50 percent nitric acid,8,,II,N,
UN2031,"Nitric acid other than red fuming, with at least 65 percent, but not more than 70 percent nitric acid",8,5.1,II,N,
UN2031,"Nitric acid other than red fuming, with more than 20 percent and less than 65 percent nitric acid",8,,II,N,
UN2031,Nitric acid other than red fuming with not more than 20 percent nitric acid,8,,II,N,
UN2032,"Nitric acid, red fuming",8,"5.1,6.1",I,N,+
UN2031,"Nitric acid other than red fuming, with more than 70 percent nitric acid",8,5.1,I,N,
UN1660,"Nitric oxide, compressed",2.3,"5.1,8",,N,
UN1975,Nitric oxide and dinitrogen tetroxide mixtures or Nitric oxide and nitrogen dioxide mixtures,2.3,"5.1,8",,N,
UN3273,"Nitriles, flammable, toxic, n.o.s.",3,6.1,I,Y,G
UN3273,"Nitriles, flammable, toxic, n.o.s.",3,6.1,II,Y,G
UN3276,"Nitriles, liquid, toxic, n.o.s.",6.1,,I,Y,G
UN3276,"Nitriles, liquid, toxic, n.o.s.",6.1,,II,Y,G
UN3276,"Nitriles, liquid, toxic, n.o.s.",6.1,,III,Y,G
UN3439,"Nitriles, solid, toxic, n.o.s.",6.1,,I,Y,G
UN3439,"Nitriles, solid, toxic, n.o.s.",6.1,,II,Y,G
UN3439,"Nitriles, solid, toxic, n.o.s.",6.1,,III,Y,G
UN3275,"Nitriles, toxic, flammable, n.o.s.",6.1,3,I,Y,G
UN3275,"Nitriles, toxic, flammable, n.o.s.",6.1,3,II,Y,G
UN3219,"Nitrites, inorganic, aqueous solution, n.o.s",5.1,,II,Y,G
UN3219,"Nitrites, inorganic, aqueous solution, n.o.s",5.1,,III,Y,G
UN2627,"Nitrites, inorganic, n.o.s.",5.1,,II,Y,G
UN2307,3-Nitro-4-chlorobenzotrifluoride,6.1,,II,N,
UN0147,Nitro urea,1.1D,,,N,
UN1661,Nitroanilines (o-; m-; p-;),6.1,,II,N,+
UN2730,"Nitroanisole, liquid",6.1,,III,N,
UN3458,"Nitroanisoles, solid",6.1,,III,N,
UN1662,Nitrobenzene,6.1,,II,N,+
UN2305,Nitrobenzenesulfonic acid,8,,II,N,
UN0385,5-Nitrobenzotriazol,1.1D,,,N,
UN2306,"Nitrobenzotrifluorides, liquid",6.1,,II,N,
UN3431,"Nitrobenzotrifluorides, solid",6.1,,II,N,
UN2732,"Nitrobromobenzenes, liquid",6.1,,III,N,
UN3459,"Nitrobromobenzenes, solid",6.1,,III,N,
UN0340,"Nitrocellulose, dry or wetted with less than 25 percent water (or alcohol), by mass",1.1D,,,N,
UN2557,"Nitrocellulose, with not more than 12.6 percent nitrogen, by dry mass mixture with or without plasticizer, with or without pigment",4.1,,II,N,
UN3270,"Nitrocellulose membrane filters, with not more than 12.6% nitrogen, by dry mass",4.1,,II,N,
UN0343,"Nitrocellulose, plasticized with not less than 18 percent plasticizing substance, by mass",1.3C,,,N,
UN2059,"Nitrocellulose, solution, flammable with not more than 12.6 percent nitrogen, by mass, and not more than 55 percent nitrocellulose",3,,I,N,
UN2059,"Nitrocellulose, solution, flammable with not more than 12.6 percent nitrogen, by mass, and not more than 55 percent nitrocellulose",3,,II,N,
UN2059,"Nitrocellulose, solution, flammable with not more than 12.6 percent nitrogen, by mass, and not more than 55 percent nitrocellulose",3,,III,N,
UN0341,"Nitrocellulose, unmodified or plasticized with less than 18 percent plasticizing substance, by mass",1.1D,,,N,
UN0342,"Nitrocellulose, wetted with not less than 25 percent alcohol, by mass",1.3C,,,N,
UN2556,"Nitrocellulose with alcohol with not less than 25 percent alcohol by mass, and with not more than 12.6 percent nitrogen, by dry mass",4.1,,II,N,
UN2555,"Nitrocellulose with water with not less than 25 percent water, by mass",4.1,,II,N,
UN3434,"Nitrocresols, liquid",6.1,,III,N,
UN2446,"Nitrocresols, solid",6.1,,III,N,
UN2842,Nitroethane,3,,III,N,
UN1066,"Nitrogen, compressed",2.2,,,N,
UN1977,"Nitrogen, refrigerated liquid cryogenic liquid",2.2,,,N,
UN2451,Nitrogen trifluoride,2.2,5.1,,N,
UN2421,Nitrogen trioxide,2.3,"5.1,8",,N,
UN0143,"Nitroglycerin, desensitized with not less than 40 percent non-volatile water insoluble phlegmatizer, by mass",1.1D,6.1,,N,
UN3343,"Nitroglycerin mixture, desensitized, liquid, flammable, n.o.s. with not more than 30 percent nitroglycerin, by mass",3,,,Y,
UN3357,"Nitroglycerin mixture, desensitized, liquid, n.o.s. with not more than 30% nitroglycerin, by mass",3,,II,Y,
UN3319,"Nitroglycerin mixture, desensitized, solid, n.o.s. with more than 2 percent but not more than 10 percent nitroglycerin, by mass",4.1,,II,Y,
UN3064,"Nitroglycerin, solution in alcohol, with more than 1 percent but not more than 5 percent nitroglycerin",3,,II,N,
UN0144,"Nitroglycerin, solution in alcohol, with more than 1 percent but not more than 10 percent nitroglycerin",1.1D,,,N,
UN1204,Nitroglycerin solution in alcohol with not more than 1 percent nitroglycerin,3,,II,N,
UN0282,"Nitroguanidine or Picrite, dry or wetted with less than 20 percent water, by mass",1.1D,,,N,
UN1336,"Nitroguanidine, wetted or Picrite, wetted with not less than 20 percent water, by mass",4.1,,I,N,
UN1798,Nitrohydrochloric acid,8,,I,N,
UN1261,Nitromethane,3,,II,N,
UN2538,Nitronaphthalene,4.1,,III,N,
UN1663,Nitrophenols (o-; m-; p-;),6.1,,III,N,+
UN3376,"4-Nitrophenylhydrazine, with not less than 30 percent water, by mass",4.1,,I,N,
UN2608,Nitropropanes,3,,III,N,
UN1369,p-Nitrosodimethylaniline,4.2,,II,N,
UN0146,"Nitrostarch, dry or wetted with less than 20 percent water, by mass",1.1D,,,N,
UN1337,"Nitrostarch, wetted with not less than 20 percent water, by mass",4.1,,I,N,
UN1069,Nitrosyl chloride,2.3,8,,N,
UN2308,"Nitrosylsulfuric acid, liquid",8,,II,N,
UN3456,"Nitrosylsulphuric acid, solid",8,,II,N,
UN1664,"Nitrotoluenes, liquid",6.1,,II,N,
UN3446,"Nitrotoluenes, solid",6.1,,II,N,
UN2660,Nitrotoluidines (mono),6.1,,III,N,
UN0490,Nitrotriazolone or NTO,1.1D,,,N,
UN1070,Nitrous oxide,2.2,5.1,,N,
UN2201,"Nitrous oxide, refrigerated liquid",2.2,5.1,,N,
UN1665,"Nitroxylenes, liquid",6.1,,II,N,
UN3447,"Nitroxylenes, solid",6.1,,II,N,
UN1920,Nonanes,3,,III,N,
UN1799,Nonyltrichlorosilane,8,,II,N,
UN1800,Octadecyltrichlorosilane,8,,II,N,
UN2309,Octadiene,3,,II,N,
UN2422,Octafluorobut-2-ene or Refrigerant gas R 1318,2.2,,,N,
UN1976,"Octafluorocyclobutane, or Refrigerant gas RC 318",2.2,,,N,
UN2424,Octafluoropropane or Refrigerant gas R 218,2.2,,,N,
UN1262,Octanes,3,,II,N,
UN0266,"Octolite or Octol, dry or wetted with less than 15 percent water, by mass",1.1D,,,N,
UN0496,Octonal,1.1D,,,N,
UN1191,Octyl aldehydes,3,,III,N,
UN1801,Octyltrichlorosilane,8,,II,N,
UN1071,"Oil gas, compressed",2.3,2.1,,N,
UN3101,"Organic peroxide type B, liquid",5.2,1,,N,G
UN3111,"Organic peroxide type B, liquid, temperature controlled",5.2,1,,N,G
UN3102,"Organic peroxide type B, solid",5.2,1,,N,G
UN3112,"Organic peroxide type B, solid, temperature controlled",5.2,1,,N,G
UN3103,"Organic peroxide type C, liquid",5.2,,,N,G
UN3113,"Organic peroxide type C, liquid, temperature controlled",5.2,,,N,G
UN3104,"Organic peroxide type C, solid",5.2,,,N,G
UN3114,"Organic peroxide type C, solid, temperature controlled",5.2,,,N,G
UN3105,"Organic peroxide type D, liquid",5.2,,,N,G
UN3115,"Organic peroxide type D, liquid, temperature controlled",5.2,,,N,G
UN3106,"Organic peroxide type D, solid",5.2,,,N,G
UN3116,"Organic peroxide type D, solid, temperature controlled",5.2,,,N,G
UN3107,"Organic peroxide type E, liquid",5.2,,,N,G
UN3117,"Organic peroxide type E, liquid, temperature controlled",5.2,,,N,G
UN3108,"Organic peroxide type E, solid",5.2,,,N,G
UN3118,"Organic peroxide type E, solid, temperature controlled",5.2,,,N,G
UN3109,"Organic peroxide type F, liquid",5.2,,,N,G
UN3119,"Organic peroxide type F, liquid, temperature controlled",5.2,,,N,G
UN3110,"Organic peroxide type F, solid",5.2,,,N,G
UN3120,"Organic peroxide type F, solid, temperature controlled",5.2,,,N,G
NA1955,"Organic phosphate, mixed with compressed gas or Organic phosphate compound, mixed with compressed gas or Organic phosphorus compound, mixed with compressed gas",2.3,,,N,D
UN3313,"Organic pigments, self-heating",4.2,,II,N,
UN3313,"Organic pigments, self-heating",4.2,,III,N,
UN3280,"Organoarsenic compound, liquid, n.o.s.",6.1,,I,Y,G
UN3280,"Organoarsenic compound, liquid, n.o.s.",6.1,,II,Y,G
UN3280,"Organoarsenic compound, liquid, n.o.s.",6.1,,III,Y,G
UN3465,"Organoarsenic compound, solid, n.o.s.",6.1,,I,Y,G
UN3465,"Organoarsenic compound, solid, n.o.s.",6.1,,II,Y,G
UN3465,"Organoarsenic compound, solid, n.o.s.",6.1,,III,Y,G
UN2762,"Organochlorine pesticides liquid, flammable, toxic, flash point less than 23 degrees C",3,6.1,I,N,
UN2762,"Organochlorine pesticides liquid, flammable, toxic, flash point less than 23 degrees C",3,6.1,II,N,
UN2996,"Organochlorine pesticides, liquid, toxic",6.1,,I,N,
UN2996,"Organochlorine pesticides, liquid, toxic",6.1,,II,N,
UN2996,"Organochlorine pesticides, liquid, toxic",6.1,,III,N,
UN2995,"Organochlorine pesticides, liquid, toxic, flammable, flash point not less than 23 degrees C",6.1,3,I,N,
UN2995,"Organochlorine pesticides, liquid, toxic, flammable, flash point not less than 23 degrees C",6.1,3,II,N,
UN2995,"Organochlorine pesticides, liquid, toxic, flammable, flash point not less than 23 degrees C",6.1,3,III,N,
UN2761,"Organochlorine pesticides, solid, toxic",6.1,,I,N,
UN2761,"Organochlorine pesticides, solid, toxic",6.1,,II,N,
UN2761,"Organochlorine pesticides, solid, toxic",6.1,,III,N,
UN3282,"Organometallic compound, liquid, toxic, n.o.s",6.1,,I,Y,G
UN3282,"Organometallic compound, liquid, toxic, n.o.s",6.1,,II,Y,G
UN3282,"Organometallic compound, liquid, toxic, n.o.s",6.1,,III,Y,G
UN3467,"Organometallic compound, solid, toxic, n.o.s",6.1,,I,Y,G
UN3467,"Organometallic compound, solid, toxic, n.o.s",6.1,,II,Y,G
UN3467,"Organometallic compound, solid, toxic, n.o.s",6.1,,III,Y,G
UN3392,"Organometallic substance, liquid, pyrophoric",4.2,,I,N,G
UN3394,"Organometallic substance, liquid, pyrophoric, water-reactive",4.2,4.3,I,N,G
UN3398,"Organometallic substance, liquid, water-reactive",4.3,,I,N,G
UN3398,"Organometallic substance, liquid, water-reactive",4.3,,II,N,G
UN3398,"Organometallic substance, liquid, water-reactive",4.3,,III,N,G
UN3399,"Organometallic substance, liquid, water-reactive, flammable",4.3,3,I,N,G
UN3399,"Organometallic substance, liquid, water-reactive, flammable",4.3,3,II,N,G
UN3399,"Organometallic substance, liquid, water-reactive, flammable",4.3,3,III,N,G
UN3391,"Organometallic substance, solid, pyrophoric",4.2,,I,N,G
UN3393,"Organometallic substance, solid, pyrophoric, water-reactive",4.2,4.3,I,N,G
UN3400,"Organometallic substance, solid, self-heating",4.2,,II,N,G
UN3400,"Organometallic substance, solid, self-heating",4.2,,III,N,G
UN3395,"Organometallic substance, solid, water-reactive",4.3,,I,N,G
UN3395,"Organometallic substance, solid, water-reactive",4.3,,II,N,G
UN3395,"Organometallic substance, solid, water-reactive",4.3,,III,N,G
UN3396,"Organometallic substance, solid, water-reactive, flammable",4.3,4.1,I,N,G
UN3396,"Organometallic substance, solid, water-reactive, flammable",4.3,4.1,II,N,G
UN3396,"Organometallic substance, solid, water-reactive, flammable",4.3,4.1,III,N,G
UN3397,"Organometallic substance, solid, water-reactive, self-heating",4.3,4.2,I,N,G
UN3397,"Organometallic substance, solid, water-reactive, self-heating",4.3,4.2,II,N,G
UN3397,"Organometallic substance, solid, water-reactive, self-heating",4.3,4.2,III,N,G
UN3279,"Organophosphorus compound, toxic, flammable, n.o.s.",6.1,3,I,Y,
UN3279,"Organophosphorus compound, toxic, flammable, n.o.s.",6.1,3,II,Y,
UN3278,"Organophosphorus compound, liquid, toxic, n.o.s",6.1,,I,Y,G
UN3278,"Organophosphorus compound, liquid, toxic, n.o.s",6.1,,II,Y,G
UN3278,"Organophosphorus compound, liquid, toxic, n.o.s",6.1,,III,Y,G
UN3464,"Organophosphorus compound, solid, toxic, n.o.s",6.1,,I,Y,G
UN3464,"Organophosphorus compound, solid, toxic, n.o.s",6.1,,II,Y,G
UN3464,"Organophosphorus compound, solid, toxic, n.o.s",6.1,,III,Y,G
UN2784,"Organophosphorus pesticides, liquid, flammable, toxic, flash point less than 23 degrees C",3,6.1,I,N,
UN2784,"Organophosphorus pesticides, liquid, flammable, toxic, flash point less than 23 degrees C",3,6.1,II,N,
UN3018,"Organophosphorus pesticides, liquid, toxic",6.1,,I,N,
UN3018,"Organophosphorus pesticides, liquid, toxic",6.1,,II,N,
UN3018,"Organophosphorus pesticides, liquid, toxic",6.1,,III,N,
UN3017,"Organophosphorus pesticides, liquid, toxic, flammable, flash point not less than 23 degrees C",6.1,3,I,N,
UN3017,"Organophosphorus pesticides, liquid, toxic, flammable, flash point not less than 23 degrees C",6.1,3,II,N,
UN3017,"Organophosphorus pesticides, liquid, toxic, flammable, flash point not less than 23 degrees C",6.1,3,III,N,
UN2783,"Organophosphorus pesticides, solid, toxic",6.1,,I,N,
UN2783,"Organophosphorus pesticides, solid, toxic",6.1,,II,N,
UN2783,"Organophosphorus pesticides, solid, toxic",6.1,,III,N,
UN2788,"Organotin compounds, liquid, n.o.s",6.1,,I,Y,
UN2788,"Organotin compounds, liquid, n.o.s",6.1,,II,Y,
UN2788,"Organotin compounds, liquid, n.o.s",6.1,,III,Y,
UN3146,"Organotin compounds, solid, n.o.s.",6.1,,I,Y,
UN3146,"Organotin compounds, solid, n.o.s.",6.1,,II,Y,
UN3146,"Organotin compounds, solid, n.o.s.",6.1,,III,Y,
UN2787,"Organotin pesticides, liquid, flammable, toxic, flash point less than 23 degrees C",3,6.1,I,N,
UN2787,"Organotin pesticides, liquid, flammable, toxic, flash point less than 23 degrees C",3,6.1,II,N,
UN3020,"Organotin pesticides, liquid, toxic",6.1,,I,N,
UN3020,"Organotin pesticides, liquid, toxic",6.1,,II,N,
UN3020,"Organotin pesticides, liquid, toxic",6.1,,III,N,
UN3019,"Organotin pesticides, liquid, toxic, flammable, flash point not less than 23 degrees C",6.1,3,I,N,
UN3019,"Organotin pesticides, liquid, toxic, flammable, flash point not less than 23 degrees C",6.1,3,II,N,
UN3019,"Organotin pesticides, liquid, toxic, flammable, flash point not less than 23 degrees C",6.1,3,III,N,
UN2786,"Organotin pesticides, solid, toxic",6.1,,I,N,
UN2786,"Organotin pesticides, solid, toxic",6.1,,II,N,
UN2786,"Organotin pesticides, solid, toxic",6.1,,III,N,
UN2471,Osmium tetroxide,6.1,,I,N,
NA3082,"Other regulated substances, liquid, n.o.s",9,,III,Y,D G
NA3077,"Other regulated substances, solid, n.o.s",9,,III,Y,D G
UN3098,"Oxidizing liquid, corrosive, n.o.s.",5.1,8,I,Y,G
UN3098,"Oxidizing liquid, corrosive, n.o.s.",5.1,8,II,Y,G
UN3098,"Oxidizing liquid, corrosive, n.o.s.",5.1,8,III,Y,G
UN3139,"Oxidizing liquid, n.o.s",5.1,,I,Y,G
UN3139,"Oxidizing liquid, n.o.s",5.1,,II,Y,G
UN3139,"Oxidizing liquid, n.o.s",5.1,,III,Y,G
UN3099,"Oxidizing liquid, toxic, n.o.s",5.1,6.1,I,Y,G
UN3099,"Oxidizing liquid, toxic, n.o.s",5.1,6.1,II,Y,G
UN3099,"Oxidizing liquid, toxic, n.o.s",5.1,6.1,III,Y,G
UN3085,"Oxidizing solid, corrosive, n.o.s",5.1,8,I,Y,G
UN3085,"Oxidizing solid, corrosive, n.o.s",5.1,8,II,Y,G
UN3085,"Oxidizing solid, corrosive, n.o.s",5.1,8,III,Y,G
UN3137,"Oxidizing solid, flammable, n.o.s",5.1,4.1,I,Y,G
UN1479,"Oxidizing solid, n.o.s.",5.1,,I,Y,G
UN1479,"Oxidizing solid, n.o.s.",5.1,,II,Y,G
UN1479,"Oxidizing solid, n.o.s.",5.1,,III,Y,G
UN3100,"Oxidizing solid, self-heating, n.o.s.",5.1,4.2,I,Y,G
UN3100,"Oxidizing solid, self-heating, n.o.s.",5.1,4.2,II,Y,G
UN3087,"Oxidizing solid, toxic, n.o.s.",5.1,6.1,I,Y,G
UN3087,"Oxidizing solid, toxic, n.o.s.",5.1,6.1,II,Y,G
UN3087,"Oxidizing solid, toxic, n.o.s.",5.1,6.1,III,Y,G
UN3121,"Oxidizing solid, water reactive, n.o.s",5.1,4.3,I,Y,G
UN3121,"Oxidizing solid, water reactive, n.o.s",5.1,4.3,II,Y,G
UN1072,"Oxygen, compressed",2.2,5.1,,N,
UN2190,"Oxygen difluoride, compressed",2.3,"5.1,8",,N,
UN3356,"Oxygen generator, chemical (including when contained in associated equipment, e.g., passenger service units (PSUs), portable breathing equipment (PBE), etc)",5.1,,,N,
NA3356,"Oxygen generator, chemical, spent",9,,III,N,+
UN1073,"Oxygen, refrigerated liquid (cryogenic liquid)",2.2,5.1,,N,
UN1263,"Paint (including paint, lacquer, enamel, stain, shellac solutions, varnish, polish, liquid filler and liquid lacquer base)",3,,I,N,
UN1263,"Paint (including paint, lacquer, enamel, stain, shellac solutions, varnish, polish, liquid filler and liquid lacquer base)",3,,II,N,
UN1263,"Paint (including paint, lacquer, enamel, stain, shellac solutions, varnish, polish, liquid filler and liquid lacquer base)",3,,III,N,
UN3066,Paint or Paint related material,8,,II,N,
UN3066,Paint or Paint related material,8,,III,N,
UN3470,"Paint, corrosive, flammable (including paint, lacquer, enamel, stain, shellac, varnish, polish, liquid filler, and liquid lacquer base)",8,3,II,N,
UN3469,"Paint, flammable, corrosive, (including paint , lacquer, enamel, stain, shellac, varnish, polish, liquid filler and liquid lacquer base)",3,8,I,N,
UN3469,"Paint, flammable, corrosive, (including paint , lacquer, enamel, stain, shellac, varnish, polish, liquid filler and liquid lacquer base)",3,8,II,N,
UN3469,"Paint, flammable, corrosive, (including paint , lacquer, enamel, stain, shellac, varnish, polish, liquid filler and liquid lacquer base)",3,8,III,N,
UN1263,"Paint related material including paint thinning, drying, removing, or reducing compound",3,,I,N,
UN1263,"Paint related material including paint thinning, drying, removing, or reducing compound",3,,II,N,
UN1263,"Paint related material including paint thinning, drying, removing, or reducing compound",3,,III,N,
UN3470,"Paint related material corrosive, flammable (including paint thinning or reducing compound)",8,3,II,N,
UN3469,"Paint related material, flammable, corrosive (including paint thinning or reducing compound)",3,8,I,N,
UN3469,"Paint related material, flammable, corrosive (including paint thinning or reducing compound)",3,8,II,N,
UN3469,"Paint related material, flammable, corrosive (including paint thinning or reducing compound)",3,8,III,N,
UN1379,"Paper, unsaturated oil treated incompletely dried (including carbon paper)",4.2,,III,N,
UN2213,Paraformaldehyde,4.1,,III,N,
UN1264,Paraldehyde,3,,III,N,
NA1967,Parathion and compressed gas mixture,2.3,,,N,D
UN1380,Pentaborane,4.2,6.1,I,N,+
UN1669,Pentachloroethane,6.1,,II,N,
UN3155,Pentachlorophenol,6.1,,II,N,
UN3344,"Pentaerythrite tetranitrate mixture, desensitized, solid, n.o.s. or Pentaerythritol tetranitrate mixture, desensitized, solid, n.o.s. or PETN mixture, desensitized, solid, n.o.s., with more than 10 percent but not more than 20 percent PETN, by mass",4.1,,II,Y,
UN0411,"Pentaerythrite tetranitrate or Pentaerythritol tetranitrate or PETN, with not less than 7 percent wax by mass",1.1D,,,N,
UN0150,"Pentaerythrite tetranitrate, wetted or Pentaerythritol tetranitrate, wetted, or PETN, wetted with not less than 25 percent water, by mass, or Pentaerythrite tetranitrate, or Pentaerythritol tetranitrate or PETN, desensitized with not less than 15 percent phlegmatizer by mass",1.1D,,,N,
UN3220,Pentafluoroethane or Refrigerant gas R 125,2.2,,,N,
UN2286,Pentamethylheptane,3,,III,N,
UN2310,"Pentane-2,4-dione",3,6.1,III,N,
UN1265,Pentanes,3,,I,N,
UN1265,Pentanes,3,,II,N,
UN1105,Pentanols,3,,II,N,
UN1105,Pentanols,3,,III,N,
UN1108,1-Pentene (n-amylene),3,,I,N,
UN2705,1-Pentol,8,,II,N,
UN0151,"Pentolite, dry or wetted with less than 15 percent water, by mass",1.1D,,,N,
UN3211,"Perchlorates, inorganic, aqueous solution, n.o.s.",5.1,,II,Y,
UN3211,"Perchlorates, inorganic, aqueous solution, n.o.s.",5.1,,III,Y,
UN1481,"Perchlorates, inorganic, n.o.s.",5.1,,II,Y,
UN1481,"Perchlorates, inorganic, n.o.s.",5.1,,III,Y,
UN1873,"Perchloric acid with more than 50 percent but not more than 72 percent acid, by mass",5.1,8,I,N,
UN1802,Perchloric acid with not more than 50 percent acid by mass,8,5.1,II,N,
UN1670,Perchloromethyl mercaptan,6.1,,I,N,
UN3083,Perchloryl fluoride,2.3,5.1,,N,
UN3154,Perfluoro(ethyl vinyl ether),2.1,,,N,
UN3153,Perfluoro(methyl vinyl ether),2.1,,,N,
UN1266,Perfumery products with flammable solvents,3,,II,N,
UN1266,Perfumery products with flammable solvents,3,,III,N,
UN3214,"Permanganates, inorganic, aqueous solution, n.o.s",5.1,,II,Y,G
UN1482,"Permanganates, inorganic, n.o.s",5.1,,II,Y,G
UN1482,"Permanganates, inorganic, n.o.s",5.1,,III,Y,G
UN1483,"Peroxides, inorganic, n.o.s",5.1,,II,Y,
UN1483,"Peroxides, inorganic, n.o.s",5.1,,III,Y,
UN3216,"Persulfates, inorganic, aqueous solution, n.o.s",5.1,,III,Y,
UN3215,"Persulfates, inorganic, n.o.s.",5.1,,III,Y,
UN3021,"Pesticides, liquid, flammable, toxic, flash point less than 23 degrees C",3,6.1,I,N,G
UN3021,"Pesticides, liquid, flammable, toxic, flash point less than 23 degrees C",3,6.1,II,N,G
UN2903,"Pesticides, liquid, toxic, flammable, n.o.s. flash point not less than 23 degrees C",6.1,3,I,Y,G
UN2903,"Pesticides, liquid, toxic, flammable, n.o.s. flash point not less than 23 degrees C",6.1,3,II,Y,G
UN2903,"Pesticides, liquid, toxic, flammable, n.o.s. flash point not less than 23 degrees C",6.1,3,III,Y,G
UN2902,"Pesticides, liquid, toxic, n.o.s.",6.1,,I,Y,G
UN2902,"Pesticides, liquid, toxic, n.o.s.",6.1,,II,Y,G
UN2902,"Pesticides, liquid, toxic, n.o.s.",6.1,,III,Y,G
UN2588,"Pesticides, solid, toxic, n.o.s.",6.1,,I,Y,G
UN2588,"Pesticides, solid, toxic, n.o.s.",6.1,,II,Y,G
UN2588,"Pesticides, solid, toxic, n.o.s.",6.1,,III,Y,G
UN1267,Petroleum crude oil,3,,I,N,
UN1267,Petroleum crude oil,3,,II,N,
UN1267,Petroleum crude oil,3,,III,N,
UN1268,"Petroleum distillates, n.o.s. or Petroleum products, n.o.s.",3,,I,Y,
UN1268,"Petroleum distillates, n.o.s. or Petroleum products, n.o.s.",3,,II,Y,
UN1268,"Petroleum distillates, n.o.s. or Petroleum products, n.o.s.",3,,III,Y,
UN1075,"Petroleum gases, liquefied or Liquefied petroleum gas",2.1,,,N,
NA1270,Petroleum oil,3,,I,N,D
NA1270,Petroleum oil,3,,II,N,D
NA1270,Petroleum oil,3,,III,N,D
UN3494,"Petroleum sour crude oil, flammable, toxic",3,6.1,I,N,I
UN3494,"Petroleum sour crude oil, flammable, toxic",3,6.1,II,N,I
UN3494,"Petroleum sour crude oil, flammable, toxic",3,6.1,III,N,I
UN2645,Phenacyl bromide,6.1,,II,N,
UN2311,Phenetidines,6.1,,III,N,+
UN2312,"Phenol, molten",6.1,,II,N,
UN1671,"Phenol, solid",6.1,,II,N,+
UN2821,Phenol solutions,6.1,,II,N,
UN2821,Phenol solutions,6.1,,III,N,
UN1803,"Phenolsulfonic acid, liquid",8,,II,N,
UN3346,"Phenoxyacetic acid derivative pesticide, liquid, flammable, toxic flash point less than 23 degrees C",3,6.1,I,N,
UN3346,"Phenoxyacetic acid derivative pesticide, liquid, flammable, toxic flash point less than 23 degrees C",3,6.1,II,N,
UN3348,"Phenoxyacetic acid derivative pesticide, liquid, toxic",6.1,,I,N,
UN3348,"Phenoxyacetic acid derivative pesticide, liquid, toxic",6.1,,II,N,
UN3348,"Phenoxyacetic acid derivative pesticide, liquid, toxic",6.1,,III,N,
UN3347,"Phenoxyacetic acid derivative pesticide, liquid, toxic, flammable, flash point not less than 23 degrees C",6.1,3,I,N,
UN3347,"Phenoxyacetic acid derivative pesticide, liquid, toxic, flammable, flash point not less than 23 degrees C",6.1,3,II,N,
UN3347,"Phenoxyacetic acid derivative pesticide, liquid, toxic, flammable, flash point not less than 23 degrees C",6.1,3,III,N,
UN3345,"Phenoxyacetic acid derivative pesticide, solid, toxic",6.1,,I,N,
UN3345,"Phenoxyacetic acid derivative pesticide, solid, toxic",6.1,,II,N,
UN3345,"Phenoxyacetic acid derivative pesticide, solid, toxic",6.1,,III,N,
UN2746,Phenyl chloroformate,6.1,8,II,N,
UN2487,Phenyl isocyanate,6.1,3,I,N,
UN2337,Phenyl mercaptan,6.1,3,I,N,
UN2798,Phenyl phosphorus dichloride,8,,II,N,
UN2799,Phenyl phosphorus thiodichloride,8,,II,N,
UN3002,"Phenyl urea pesticides, liquid, toxic",6.1,,I,N,
UN3002,"Phenyl urea pesticides, liquid, toxic",6.1,,II,N,
UN3002,"Phenyl urea pesticides, liquid, toxic",6.1,,III,N,
UN2470,"Phenylacetonitrile, liquid",6.1,,III,N,
UN2577,Phenylacetyl chloride,8,,II,N,
UN1672,Phenylcarbylamine chloride,6.1,,I,N,
UN1673,Phenylenediamines (o-; m-; p-;),6.1,,III,N,+
UN2572,Phenylhydrazine,6.1,,II,N,
UN1674,Phenylmercuric acetate,6.1,,II,N,
UN2026,"Phenylmercuric compounds, n.o.s.",6.1,,I,Y,G
UN2026,"Phenylmercuric compounds, n.o.s.",6.1,,II,Y,G
UN2026,"Phenylmercuric compounds, n.o.s.",6.1,,III,Y,G
UN1894,Phenylmercuric hydroxide,6.1,,II,N,
UN1895,Phenylmercuric nitrate,6.1,,II,N,
UN1804,Phenyltrichlorosilane,8,,II,N,
UN1076,Phosgene,2.3,8,,N,
UN2940,9-Phosphabicyclononanes or Cyclooctadiene phosphines,4.2,,II,N,
UN2199,Phosphine,2.3,2.1,,N,
UN3525,"Phosphine, adsorbed",2.3,2.1,,N,
UN1805,Phosphoric acid solution,8,,III,N,
UN3453,"Phosphoric acid, solid",8,,III,N,
UN2834,Phosphorous acid,8,,III,N,
UN1338,"Phosphorus, amorphous",4.1,,III,N,
UN1339,"Phosphorus heptasulfide, free from yellow or white phosphorus",4.1,,II,N,
UN1939,Phosphorus oxybromide,8,,II,N,
UN2576,"Phosphorus oxybromide, molten",8,,II,N,
UN1810,Phosphorus oxychloride,6.1,8,I,N,+
UN2691,Phosphorus pentabromide,8,,II,N,
UN1806,Phosphorus pentachloride,8,,II,N,
UN2198,Phosphorus Pentafluoride,2.3,8,,N,
UN3524,"Phosphorus pentafluoride, adsorbed",2.3,8,,N,
UN1340,"Phosphorus pentasulfide, free from yellow or white phosphorus",4.3,4.1,II,N,
UN1807,Phosphorus pentoxide,8,,II,N,
UN1341,"Phosphorus sesquisulfide, free from yellow or white phosphorus",4.1,,II,N,
UN1808,Phosphorus tribromide,8,,II,N,
UN1809,Phosphorus trichloride,6.1,8,I,N,
UN2578,Phosphorus trioxide,8,,III,N,
UN1343,"Phosphorus trisulfide, free from yellow or white phosphorus",4.1,,II,N,
UN1381,"Phosphorus, white dry or Phosphorus, white, under water or Phosphorus white, in solution or Phosphorus, yellow dry or Phosphorus, yellow, under water or Phosphorus, yellow, in solution",4.2,6.1,I,N,
UN2447,"Phosphorus white, molten",4.2,6.1,I,N,
UN2214,Phthalic anhydride with more than .05 percent maleic anhydride,8,,III,N,
UN2313,Picolines,3,,III,N,
UN1272,Pine oil,3,,III,N,
UN2368,alpha-Pinene,3,,III,N,
UN2579,Piperazine,8,,III,N,
UN2401,Piperidine,8,3,I,N,
UN3314,"Plastic molding compound in dough, sheet or extruded rope form evolving flammable vapor",9,,III,N,
UN2006,"Plastics, nitrocellulose-based, self-heating, n.o.s.",4.2,,III,Y,
UN2315,"Polychlorinated biphenyls, liquid",9,,II,N,
UN3432,"Polychlorinated biphenyls, solid",9,,II,N,
UN3269,"Polyester resin kit, liquid base material",3,,,N,
UN3527,"Polyester resin kit, solid base material",4.1,,,N,
UN3151,"Polyhalogenated biphenyls, liquid or Halogenated monomethyldiphenyl-methanes, liquid or Polyhalogenated terphenyls, liquid",9,,II,N,
UN3152,"Polyhalogenated biphenyls, solid or Halogenated monomethyldiphenyl-methanes, solid or Polyhalogenated terphenyls, solid",9,,II,N,
UN2211,"Polymeric beads expandable, evolving flammable vapor",9,,III,N,
UN3532,"Polymerizing substance, liquid, stabilized, n.o.s.",4.1,,III,Y,G
UN3534,"Polymerizing substance, liquid, temperature controlled, n.o.s.",4.1,,III,Y,G
UN3531,"Polymerizing substance, solid, stabilized, n.o.s.",4.1,,III,Y,G
UN3533,"Polymerizing substance, solid, temperature controlled, n.o.s.",4.1,,III,Y,G
UN2257,Potassium,4.3,,I,N,
UN1677,Potassium arsenate,6.1,,II,N,
UN1678,Potassium arsenite,6.1,,II,N,
UN1870,Potassium borohydride,4.3,,I,N,
UN1484,Potassium bromate,5.1,,II,N,
UN1485,Potassium chlorate,5.1,,II,N,
UN2427,"Potassium chlorate, aqueous solution",5.1,,II,N,
UN2427,"Potassium chlorate, aqueous solution",5.1,,III,N,
UN1679,Potassium cuprocyanide,6.1,,II,N,
UN1680,"Potassium cyanide, solid",6.1,,I,N,
UN3413,Potassium cyanide solution,6.1,,I,N,
UN3413,Potassium cyanide solution,6.1,,II,N,
UN3413,Potassium cyanide solution,6.1,,III,N,
UN1929,Potassium dithionite or Potassium hydrosulfite,4.2,,II,N,
UN1812,"Potassium fluoride, solid",6.1,,III,N,
UN3422,Potassium fluoride solution,6.1,,III,N,
UN2628,Potassium fluoroacetate,6.1,,I,N,
UN2655,Potassium fluorosilicate,6.1,,III,N,
UN2509,Potassium hydrogen sulfate,8,,II,N,
UN1811,Potassium hydrogendifluoride solid,8,6.1,II,N,
UN3421,Potassium hydrogendifluoride solution,8,6.1,II,N,
UN3421,Potassium hydrogendifluoride solution,8,6.1,III,N,
UN1813,"Potassium hydroxide, solid",8,,II,N,
UN1814,"Potassium hydroxide, solution",8,,II,N,
UN1814,"Potassium hydroxide, solution",8,,III,N,
UN1420,"Potassium, metal alloys, liquid",4.3,,I,N,
UN3403,"Potassium, metal alloys, solid",4.3,,I,N,
UN2864,Potassium metavanadate,6.1,,II,N,
UN2033,Potassium monoxide,8,,II,N,
UN1486,Potassium nitrate,5.1,,III,N,
UN1487,Potassium nitrate and sodium nitrite mixtures,5.1,,II,N,
UN1488,Potassium nitrite,5.1,,II,N,
UN1489,Potassium perchlorate,5.1,,II,N,
UN1490,Potassium permanganate,5.1,,II,N,
UN1491,Potassium peroxide,5.1,,I,N,
UN1492,Potassium persulfate,5.1,,III,N,
UN2012,Potassium phosphide,4.3,6.1,I,N,
UN1422,"Potassium sodium alloys, liquid",4.3,,I,N,
UN3404,"Potassium sodium alloys, solid",4.3,,I,N,
UN1382,"Potassium sulfide, anhydrous or Potassium sulfide with less than 30 percent water of crystallization",4.2,,II,N,
UN1847,"Potassium sulfide, hydrated with not less than 30 percent water of crystallization",8,,II,N,
UN2466,Potassium superoxide,5.1,,I,N,
UN0433,"Powder cake, wetted or Powder paste, wetted with not less than 17 percent alcohol by mass",1.1C,,,N,
UN0159,"Powder cake, wetted or Powder paste, wetted with not less than 25 percent water, by mass",1.3C,,,N,
UN0160,"Powder, smokeless",1.1C,,,N,
UN0161,"Powder, smokeless",1.3C,,,N,
UN0509,"Powder, smokeless",1.4C,,,N,
UN0044,"Primers, cap type",1.4S,,,N,
UN0377,"Primers, cap type",1.1B,,,N,
UN0378,"Primers, cap type",1.4B,,,N,
UN0319,"Primers, tubular",1.3G,,,N,
UN0320,"Primers, tubular",1.4G,,,N,
UN0376,"Primers, tubular",1.4S,,,N,
UN1210,"Printing ink, flammable or Printing ink related material (including printing ink thinning or reducing compound), flammable",3,,I,N,
UN1210,"Printing ink, flammable or Printing ink related material (including printing ink thinning or reducing compound), flammable",3,,II,N,
UN1210,"Printing ink, flammable or Printing ink related material (including printing ink thinning or reducing compound), flammable",3,,III,N,
UN0345,"Projectiles, inert with tracer",1.4S,,,N,
UN0424,"Projectiles, inert, with tracer",1.3G,,,N,
UN0425,"Projectiles, inert, with tracer",1.4G,,,N,
UN0346,"Projectiles, with burster or expelling charge",1.2D,,,N,
UN0347,"Projectiles, with burster or expelling charge",1.4D,,,N,
UN0426,"Projectiles, with burster or expelling charge",1.2F,,,N,
UN0427,"Projectiles, with burster or expelling charge",1.4F,,,N,
UN0434,"Projectiles, with burster or expelling charge",1.2G,,,N,
UN0435,"Projectiles, with burster or expelling charge",1.4G,,,N,
UN0167,"Projectiles, with bursting charge",1.1F,,,N,
UN0168,"Projectiles, with bursting charge",1.1D,,,N,
UN0169,"Projectiles, with bursting charge",1.2D,,,N,
UN0324,"Projectiles, with bursting charge",1.2F,,,N,
UN0344,"Projectiles, with bursting charge",1.4D,,,N,
UN2200,"Propadiene, stabilized",2.1,,,N,
UN1978,"Propane, see also Petroleum gases, liquefied",2.1,,,N,
UN2402,Propanethiols,3,,II,N,
UN1274,"n-Propanol or Propyl alcohol, normal",3,,II,N,
UN1274,"n-Propanol or Propyl alcohol, normal",3,,III,N,
UN0495,"Propellant, liquid",1.3C,,,N,
UN0497,"Propellant, liquid",1.1C,,,N,
UN0498,"Propellant, solid",1.1C,,,N,
UN0499,"Propellant, solid",1.3C,,,N,
UN0501,"Propellant, solid",1.4C,,,N,
UN1275,Propionaldehyde,3,,II,N,
UN3463,Propionic acid with not less than 90% acid by mass,8,3,II,N,
UN1848,Propionic acid with not less than 10% and less than 90% acid by mass,8,,III,N,
UN2496,Propionic anhydride,8,,III,N,
UN2404,Propionitrile,3,6.1,II,N,
UN1815,Propionyl chloride,3,8,II,N,
UN1276,n-Propyl acetate,3,,II,N,
UN2364,n-Propyl benzene,3,,III,N,
UN2740,n-Propyl chloroformate,6.1,"3,8",I,N,
UN1281,Propyl formates,3,,II,N,
UN2482,n-Propyl isocyanate,6.1,3,I,N,
UN1865,n-Propyl nitrate,3,,II,N,
UN1277,Propylamine,3,8,II,N,
UN1077,"Propylene see also Petroleum gases, liquefied",2.1,,,N,
UN2611,Propylene chlorohydrin,6.1,3,II,N,
UN1280,Propylene oxide,3,,I,N,
UN2850,Propylene tetramer,3,,III,N,
UN2258,"1,2-Propylenediamine",8,3,II,N,
UN1921,"Propyleneimine, stabilized",3,6.1,I,N,
UN1816,Propyltrichlorosilane,8,3,II,N,
UN3350,"Pyrethroid pesticide, liquid, flammable, toxic, flash point less than 23 degrees C",3,6.1,I,N,
UN3350,"Pyrethroid pesticide, liquid, flammable, toxic, flash point less than 23 degrees C",3,6.1,II,N,
UN3352,"Pyrethroid pesticide, liquid toxic",6.1,,I,N,
UN3352,"Pyrethroid pesticide, liquid toxic",6.1,,II,N,
UN3352,"Pyrethroid pesticide, liquid toxic",6.1,,III,N,
UN3351,"Pyrethroid pesticide, liquid, toxic, flammable, flash point not less than 23 degrees C",6.1,3,I,N,
UN3351,"Pyrethroid pesticide, liquid, toxic, flammable, flash point not less than 23 degrees C",6.1,3,II,N,
UN3351,"Pyrethroid pesticide, liquid, toxic, flammable, flash point not less than 23 degrees C",6.1,3,III,N,
UN3349,"Pyrethroid pesticide, solid, toxic",6.1,,I,N,
UN3349,"Pyrethroid pesticide, solid, toxic",6.1,,II,N,
UN3349,"Pyrethroid pesticide, solid, toxic",6.1,,III,N,
UN1282,Pyridine,3,,II,N,
UN3194,"Pyrophoric liquid, inorganic, n.o.s",4.2,,I,Y,G
UN2845,"Pyrophoric liquids, organic, n.o.s",4.2,,I,Y,G
UN1383,"Pyrophoric metals, n.o.s., or Pyrophoric alloys, n.o.s",4.2,,I,Y,G
UN3200,"Pyrophoric solid, inorganic, n.o.s",4.2,,I,Y,G
UN2846,"Pyrophoric solids, organic, n.o.s",4.2,,I,Y,G
UN1817,Pyrosulfuryl chloride,8,,II,N,
UN1922,Pyrrolidine,3,8,II,N,
UN2656,Quinoline,6.1,,III,N,
UN2909,"Radioactive material, excepted package-articles manufactured from natural uranium or depleted uranium or natural thorium",7,,,N,
UN2908,"Radioactive material, excepted package-empty packaging",7,,,N,
UN2911,"Radioactive material, excepted package-instruments or articles",7,,,N,
UN2910,"Radioactive material, excepted package-limited quantity of material",7,,,N,
UN2912,"Radioactive material, low specific activity (LSA-I) non fissile or fissile-excepted",7,,,N,
UN3321,"Radioactive material, low specific activity (LSA-II) non fissile or fissile-excepted",7,,,N,
UN3322,"Radioactive material, low specific activity (LSA-III) non fissile or fissile excepted",7,,,N,
UN2913,"Radioactive material, surface contaminated objects (SCO-I or SCO-II) non fissile or fissile-excepted",7,,,N,
UN2919,"Radioactive material, transported under special arrangement, non fissile or fissile excepted",7,,,N,
UN3331,"Radioactive material, transported under special arrangement, fissile",7,,,N,
UN3327,"Radioactive material, Type A package, fissile non-special form",7,,,N,
UN2915,"Radioactive material, Type A package non-special form, non fissile or fissile-excepted",7,,,N,
UN3332,"Radioactive material, Type A package, special form non fissile or fissile-excepted",7,,,N,
UN3333,"Radioactive material, Type A package, special form, fissile",7,,,N,
UN3329,"Radioactive material, Type B(M) package, fissile",7,,,N,
UN2917,"Radioactive material, Type B(M) package non fissile or fissile-excepted",7,,,N,
UN3328,"Radioactive material, Type B(U) package, fissile",7,,,N,
UN2916,"Radioactive material, Type B(U) package non fissile or fissile-excepted",7,,,N,
UN2978,"Radioactive material, uranium hexafluoride non fissile or fissile-excepted",7,"6.1,8",,N,
UN2977,"Radioactive material, uranium hexafluoride, fissile",7,"6.1,8",,N,
UN1856,"Rags, oily",4.2,,III,N,A W
UN0391,"RDX and HMX mixtures, wetted with not less than 15 percent water by mass or RDX and HMX mixtures, desensitized with not less than 10 percent phlegmatizer by mass",1.1D,,,N,
UN2037,"Receptacles, small, containing gas or gas cartridges (flammable) without release device, not refillable and not exceeding 1 L capacity",2.1,,,N,
UN2037,"Receptacles, small, containing gas or gas cartridges (non-flammable) without release device, not refillable and not exceeding 1 L capacity",2.2,,,N,
UN2037,"Receptacles, small, containing gas or gas cartridges (oxidizing), without release device, not refillable and not exceeding 1 L capacity",2.2,5.1,,N,
UN3337,Refrigerant gas R 404A,2.2,,,N,
UN3338,Refrigerant gas R 407A,2.2,,,N,
UN3339,Refrigerant gas R 407B,2.2,,,N,
UN3340,Refrigerant gas R 407C,2.2,,,N,
UN1078,"Refrigerant gases, n.o.s.",2.2,,,Y,G
NA1954,"Refrigerant gases, n.o.s. or Dispersant gases, n.o.s.",2.1,,,Y,D
UN3358,"Refrigerating machines, containing flammable, non-toxic, liquefied gas",2.1,,,N,
UN2857,"Refrigerating machines, containing non-flammable, non-toxic gases, or ammonia solutions (UN2672)",2.2,,,N,
UN3291,"Regulated medical waste, n.o.s. or Clinical waste, unspecified, n.o.s. or (BIO) Medical waste, n.o.s. or Biomedical waste, n.o.s., or Medical Waste n.o.s.",6.2,,,Y,
UN0173,"Release devices, explosive",1.4S,,,N,
UN1866,"Resin Solution, flammable",3,,I,N,
UN1866,"Resin Solution, flammable",3,,II,N,
UN1866,"Resin Solution, flammable",3,,III,N,
UN2876,Resorcinol,6.1,,III,N,
UN0174,"Rivets, explosive",1.4S,,,N,
UN0186,Rocket motors,1.3C,,,N,
UN0280,Rocket motors,1.1C,,,N,
UN0281,Rocket motors,1.2C,,,N,
UN0510,Rocket motors,1.4C,,,N,
UN0395,"Rocket motors, liquid fueled",1.2J,,,N,
UN0396,"Rocket motors, liquid fueled",1.3J,,,N,
UN0250,Rocket motors with hypergolic liquids with or without an expelling charge,1.3L,,,N,
UN0322,Rocket motors with hypergolic liquids with or without an expelling charge,1.2L,,,N,
UN0238,"Rockets, line-throwing",1.2G,,,N,
UN0240,"Rockets, line-throwing",1.3G,,,N,
UN0453,"Rockets, line-throwing",1.4G,,,N,
UN0397,"Rockets, liquid fueled with bursting charge",1.1J,,,N,
UN0398,"Rockets, liquid fueled with bursting charge",1.2J,,,N,
UN0180,"Rockets, with bursting charge",1.1F,,,N,
UN0181,"Rockets, with bursting charge",1.1E,,,N,
UN0182,"Rockets, with bursting charge",1.2E,,,N,
UN0295,"Rockets, with bursting charge",1.2F,,,N,
UN0436,"Rockets, with expelling charge",1.2C,,,N,
UN0437,"Rockets, with expelling charge",1.3C,,,N,
UN0438,"Rockets, with expelling charge",1.4C,,,N,
UN0183,"Rockets, with inert head",1.3C,,,N,
UN0502,"Rockets, with inert head",1.2C,,,N,
UN1286,Rosin oil,3,,II,N,
UN1286,Rosin oil,3,,III,N,
UN1287,Rubber solution,3,,II,N,
UN1287,Rubber solution,3,,III,N,
UN1345,"Rubber scrap or shoddy, powdered or granulated, not exceeding 840 microns and rubber contend exceeding 45%",4.1,,II,N,
UN1423,Rubidium,4.3,,I,N,
UN2678,Rubidium hydroxide,8,,II,N,
UN2677,Rubidium hydroxide solution,8,,II,N,
UN2677,Rubidium hydroxide solution,8,,III,N,
UN3268,"Safety devices, electrically initiated",9,,,N,
UN0503,"Safety devices, pyrotechnic",1.4G,,,N,
UN0190,"Samples, explosive, other than initiating explosives",,,,N,G
UN1386,"Seed cake, containing vegetable oil solvent extractions and expelled seeds, with not more than 10 percent of oil and when the amount of moisture is higher than 11 percent, with not more than 20 percent of oil and moisture combined",4.2,,III,N,
UN1386,Seed cake with more than 1.5 percent oil and not more than 11 percent moisture,4.2,,III,N,I
UN2217,Seed cake with not more than 1.5 percent oil and not more than 11 percent moisture,4.2,,III,N,I
UN2630,Selenates or Selenites,6.1,,I,N,G
UN1905,Selenic acid,8,,I,N,
UN3440,"Selenium compound, liquid, n.o.s",6.1,,I,Y,G
UN3440,"Selenium compound, liquid, n.o.s",6.1,,II,Y,G
UN3440,"Selenium compound, liquid, n.o.s",6.1,,III,Y,G
UN3283,"Selenium compound, solid, n.o.s",6.1,,I,Y,G
UN3283,"Selenium compound, solid, n.o.s",6.1,,II,Y,G
UN3283,"Selenium compound, solid, n.o.s",6.1,,III,Y,G
UN2657,Selenium disulfide,6.1,,II,N,
UN2194,Selenium hexafluoride,2.3,8,,N,
UN2879,Selenium oxychloride,8,6.1,I,N,
NA3334,"Self-defense spray, non-pressurized",9,,III,N,+ A D
UN3188,"Self-heating liquid, corrosive, inorganic, n.o.s",4.2,8,II,Y,G
UN3188,"Self-heating liquid, corrosive, inorganic, n.o.s",4.2,8,III,Y,G
UN3185,"Self-heating liquid, corrosive, organic, n.o.s",4.2,8,II,Y,G
UN3185,"Self-heating liquid, corrosive, organic, n.o.s",4.2,8,III,Y,G
UN3186,"Self-heating liquid, inorganic, n.o.s",4.2,,II,Y,G
UN3186,"Self-heating liquid, inorganic, n.o.s",4.2,,III,Y,G
UN3183,"Self-heating liquid, organic, n.o.s",4.2,,II,Y,G
UN3183,"Self-heating liquid, organic, n.o.s",4.2,,III,Y,G
UN3187,"Self-heating liquid, toxic, inorganic, n.o.s",4.2,6.1,II,Y,G
UN3187,"Self-heating liquid, toxic, inorganic, n.o.s",4.2,6.1,III,Y,G
UN3184,"Self-heating liquid, toxic, organic, n.o.s",4.2,6.1,II,Y,G
UN3184,"Self-heating liquid, toxic, organic, n.o.s",4.2,6.1,III,Y,G
UN3192,"Self-heating solid, corrosive, inorganic, n.o.s.",4.2,8,II,Y,G
UN3192,"Self-heating solid, corrosive, inorganic, n.o.s.",4.2,8,III,Y,G
UN3126,"Self-heating solid, corrosive, organic, n.o.s",4.2,8,II,Y,G
UN3126,"Self-heating solid, corrosive, organic, n.o.s",4.2,8,III,Y,G
UN3190,"Self-heating solid, inorganic, n.o.s",4.2,,II,Y,G
UN3190,"Self-heating solid, inorganic, n.o.s",4.2,,III,Y,G
UN3088,"Self-heating solid, organic, n.o.s",4.2,,II,Y,G
UN3088,"Self-heating solid, organic, n.o.s",4.2,,III,Y,G
UN3127,"Self-heating solid, oxidizing, n.o.s.",4.2,5.1,,Y,G
UN3191,"Self-heating solid, toxic, inorganic, n.o.s.",4.2,6.1,II,Y,G
UN3191,"Self-heating solid, toxic, inorganic, n.o.s.",4.2,6.1,III,Y,G
UN3128,"Self-heating solid, toxic, organic, n.o.s",4.2,6.1,II,Y,G
UN3128,"Self-heating solid, toxic, organic, n.o.s",4.2,6.1,III,Y,G
UN3221,Self-reactive liquid type B,4.1,,,N,G
UN3231,"Self-reactive liquid type B, temperature controlled",4.1,,,N,G
UN3223,Self-reactive liquid type C,4.1,,,N,G
UN3233,"Self-reactive liquid type C, temperature controlled",4.1,,,N,G
UN3225,Self-reactive liquid type D,4.1,,,N,G
UN3235,"Self-reactive liquid type D, temperature controlled",4.1,,,N,G
UN3227,Self-reactive liquid type E,4.1,,,N,G
UN3237,"Self-reactive liquid type E, temperature controlled",4.1,,,N,G
UN3229,Self-reactive liquid type F,4.1,,,N,G
UN3239,"Self-reactive liquid type F, temperature controlled",4.1,,,N,G
UN3222,Self-reactive solid type B,4.1,,,N,G
UN3232,"Self-reactive solid type B, temperature controlled",4.1,,,N,G
UN3224,Self-reactive solid type C,4.1,,,N,G
UN3234,"Self-reactive solid type C, temperature controlled",4.1,,,N,G
UN3226,Self-reactive solid type D,4.1,,,N,G
UN3236,"Self-reactive solid type D, temperature controlled",4.1,,,N,G
UN3228,Self-reactive solid type E,4.1,,,N,G
UN3238,"Self-reactive solid type E, temperature controlled",4.1,,,N,G
UN3230,Self-reactive solid type F,4.1,,,N,G
UN3240,"Self-reactive solid type F, temperature controlled",4.1,,,N,G
UN1288,Shale oil,3,,I,N,
UN1288,Shale oil,3,,II,N,
UN1288,Shale oil,3,,III,N,
UN0191,"Signal devices, hand",1.4G,,,N,
UN0373,"Signal devices, hand",1.4S,,,N,
UN0194,"Signals, distress, ship",1.1G,,,N,
UN0195,"Signals, distress, ship",1.3G,,,N,
UN0505,"Signals, distress, ship",1.4G,,,N,
UN0506,"Signals, distress, ship",1.4S,,,N,
UN0192,"Signals, railway track, explosive",1.1G,,,N,
UN0193,"Signals, railway track, explosive",1.4S,,,N,
UN0492,"Signals, railway track, explosive",1.3G,,,N,
UN0493,"Signals, railway track, explosive",1.4G,,,N,
UN0196,"Signals, smoke",1.1G,,,N,
UN0197,"Signals, smoke",1.4G,,,N,
UN0313,"Signals, smoke",1.2G,,,N,
UN0487,"Signals, smoke",1.3G,,,N,
UN0507,"Signals, smoke",1.4S,,,N,
UN2203,Silane,2.1,,,N,
UN1346,"Silicon powder, amorphous",4.1,,III,N,
UN1818,Silicon tetrachloride,8,,II,N,
UN1859,Silicon tetrafluoride,2.3,8,,N,
UN3521,"Silicon tetrafluoride, adsorbed",2.3,8,,N,
UN1683,Silver arsenite,6.1,,II,N,
UN1684,Silver cyanide,6.1,,II,N,
UN1493,Silver nitrate,5.1,,II,N,
UN1347,"Silver picrate, wetted with not less than 30 percent water, by mass",4.1,,I,N,
UN1906,"Sludge, acid",8,,II,N,
NA3178,Smokeless powder for small arms (100 pounds or less),4.1,,I,N,D
UN1907,Soda lime with more than 4 percent sodium hydroxide,8,,III,N,
UN1428,Sodium,4.3,,I,N,
UN2812,"Sodium aluminate, solid",8,,III,N,A
UN1819,"Sodium aluminate, solution",8,,II,N,
UN1819,"Sodium aluminate, solution",8,,III,N,
UN2835,Sodium aluminum hydride,4.3,,II,N,
UN2863,Sodium ammonium vanadate,6.1,,II,N,
UN2473,Sodium arsanilate,6.1,,III,N,
UN1685,Sodium arsenate,6.1,,II,N,
UN1686,"Sodium arsenite, aqueous solutions",6.1,,II,N,
UN1686,"Sodium arsenite, aqueous solutions",6.1,,III,N,
UN2027,"Sodium arsenite, solid",6.1,,II,N,
UN1687,Sodium azide,6.1,,II,N,
UN1426,Sodium borohydride,4.3,,I,N,
UN3320,"Sodium borohydride and sodium hydroxide solution, with not more than 12 percent sodium borohydride and not more than 40 percent sodium hydroxide by mass",8,,II,N,
UN3320,"Sodium borohydride and sodium hydroxide solution, with not more than 12 percent sodium borohydride and not more than 40 percent sodium hydroxide by mass",8,,III,N,
UN1494,Sodium bromate,5.1,,II,N,
UN1688,Sodium cacodylate,6.1,,II,N,
UN3378,Sodium carbonate peroxyhydrate,5.1,,II,N,
UN3378,Sodium carbonate peroxyhydrate,5.1,,III,N,
UN1495,Sodium chlorate,5.1,,II,N,
UN2428,"Sodium chlorate, aqueous solution",5.1,,II,N,
UN2428,"Sodium chlorate, aqueous solution",5.1,,III,N,
UN1496,Sodium chlorite,5.1,,II,N,
UN2659,Sodium chloroacetate,6.1,,III,N,
UN2316,"Sodium cuprocyanide, solid",6.1,,I,N,
UN2317,"Sodium cuprocyanide, solution",6.1,,I,N,
UN1689,"Sodium cyanide, solid",6.1,,I,N,
UN3414,Sodium cyanide solution,6.1,,I,N,
UN3414,Sodium cyanide solution,6.1,,II,N,
UN3414,Sodium cyanide solution,6.1,,III,N,
UN0234,"Sodium dinitro-o-cresolate, dry or wetted with less than 15 percent water, by mass",1.3C,,,N,
UN3369,"Sodium dinitro-o-cresolate, wetted with not less than 10% water, by mass",4.1,,I,N,
UN1348,"Sodium dinitro-o-cresolate, wetted with not less than 15 percent water, by mass",4.1,6.1,I,N,
UN1384,Sodium dithionite or Sodium hydrosulfite,4.2,,II,N,
UN1690,"Sodium fluoride, solid",6.1,,III,N,
UN3415,Sodium fluoride solution,6.1,,III,N,
UN2629,Sodium fluoroacetate,6.1,,I,N,
UN2674,Sodium fluorosilicate,6.1,,III,N,
UN1427,Sodium hydride,4.3,,I,N,
UN2439,Sodium hydrogendifluoride,8,,II,N,
UN2318,"Sodium hydrosulfide, with less than 25 percent water of crystallization",4.2,,II,N,
UN2949,Sodium hydrosulfide with not less than 25 percent water of crystallization,8,,II,N,
UN1823,"Sodium hydroxide, solid",8,,II,N,
UN1824,Sodium hydroxide solution,8,,II,N,
UN1824,Sodium hydroxide solution,8,,III,N,
UN1431,Sodium methylate,4.2,8,II,N,
UN1289,Sodium methylate solutions in alcohol,3,8,II,N,
UN1289,Sodium methylate solutions in alcohol,3,8,III,N,
UN1825,Sodium monoxide,8,,II,N,
UN1498,Sodium nitrate,5.1,,III,N,
UN1499,Sodium nitrate and potassium nitrate mixtures,5.1,,III,N,
UN1500,Sodium nitrite,5.1,6.1,III,N,
UN2567,Sodium pentachlorophenate,6.1,,II,N,
UN3377,Sodium perborate monohydrate,5.1,,III,N,
UN1502,Sodium perchlorate,5.1,,II,N,
UN1503,Sodium permanganate,5.1,,II,N,
UN1504,Sodium peroxide,5.1,,I,N,
UN3247,"Sodium peroxoborate, anhydrous",5.1,,II,N,
UN1505,Sodium persulfate,5.1,,III,N,
UN1432,Sodium phosphide,4.3,6.1,I,N,
UN0235,"Sodium picramate, dry or wetted with less than 20 percent water, by mass",1.3C,,,N,
UN1349,"Sodium picramate, wetted with not less than 20 percent water, by mass",4.1,,I,N,
UN1385,"Sodium sulfide, anhydrous or Sodium sulfide with less than 30 percent water of crystallization",4.2,,II,N,
UN1849,"Sodium sulfide, hydrated with not less than 30 percent water",8,,II,N,
UN2547,Sodium superoxide,5.1,,I,N,
UN3244,"Solids containing corrosive liquid, n.o.s.",8,,II,Y,G
UN3175,"Solids containing flammable liquid, n.o.s.",4.1,,II,Y,G
UN3243,"Solids containing toxic liquid, n.o.s.",6.1,,II,Y,G
UN0204,"Sounding devices, explosive",1.2F,,,N,
UN0296,"Sounding devices, explosive",1.1F,,,N,
UN0374,"Sounding devices, explosive",1.1D,,,N,
UN0375,"Sounding devices, explosive",1.2D,,,N,
UN1827,"Stannic chloride, anhydrous",8,,II,N,
UN2440,Stannic chloride pentahydrate,8,,III,N,
UN1433,Stannic phosphide,4.3,6.1,I,N,
UN2676,Stibine,2.3,2.1,,N,
UN1691,Strontium arsenite,6.1,,II,N,
UN1506,Strontium chlorate,5.1,,II,N,
UN1507,Strontium nitrate,5.1,,III,N,
UN1508,Strontium perchlorate,5.1,,II,N,
UN1509,Strontium peroxide,5.1,,II,N,
UN2013,Strontium phosphide,4.3,6.1,I,N,
UN1692,Strychnine or Strychnine salts,6.1,,I,N,
UN2055,"Styrene monomer, stabilized",3,,III,N,
UN0357,"Substances, explosive, n.o.s.",1.1L,,,Y,G
UN0358,"Substances, explosive, n.o.s.",1.2L,,,Y,G
UN0359,"Substances, explosive, n.o.s.",1.3L,,,Y,G
UN0473,"Substances, explosive, n.o.s.",1.1A,,,Y,G
UN0474,"Substances, explosive, n.o.s.",1.1C,,,Y,G
UN0475,"Substances, explosive, n.o.s.",1.1D,,,Y,G
UN0476,"Substances, explosive, n.o.s.",1.1G,,,Y,G
UN0477,"Substances, explosive, n.o.s.",1.3C,,,Y,G
UN0478,"Substances, explosive, n.o.s.",1.3G,,,Y,G
UN0479,"Substances, explosive, n.o.s.",1.4C,,,Y,G
UN0480,"Substances, explosive, n.o.s.",1.4D,,,Y,G
UN0481,"Substances, explosive, n.o.s",1.4S,,,Y,G
UN0485,"Substances, explosive, n.o.s.",1.4G,,,Y,G
UN0482,"Substances, explosive, very insensitive, n.o.s. or Substances, EVI, n.o.s.",1.5D,,,Y,G
UN2780,"Substituted nitrophenol pesticides, liquid, flammable, toxic, flash point less than 23 degrees C",3,6.1,I,N,
UN2780,"Substituted nitrophenol pesticides, liquid, flammable, toxic, flash point less than 23 degrees C",3,6.1,II,N,
UN3014,"Substituted nitrophenol pesticides, liquid, toxic",6.1,,I,N,
UN3014,"Substituted nitrophenol pesticides, liquid, toxic",6.1,,II,N,
UN3014,"Substituted nitrophenol pesticides, liquid, toxic",6.1,,III,N,
UN3013,"Substituted nitrophenol pesticides, liquid, toxic, flammable, flash point not less than 23 degrees C",6.1,3,I,N,
UN3013,"Substituted nitrophenol pesticides, liquid, toxic, flammable, flash point not less than 23 degrees C",6.1,3,II,N,
UN3013,"Substituted nitrophenol pesticides, liquid, toxic, flammable, flash point not less than 23 degrees C",6.1,3,III,N,
UN2779,"Substituted nitrophenol pesticides, solid, toxic",6.1,,I,N,
UN2779,"Substituted nitrophenol pesticides, solid, toxic",6.1,,II,N,
UN2779,"Substituted nitrophenol pesticides, solid, toxic",6.1,,III,N,
UN2967,Sulfamic acid,8,,III,N,
NA1350,Sulfur,9,,III,N,D
UN1350,Sulfur,4.1,,III,N,I
UN1828,Sulfur chlorides,8,,I,N,
UN1079,Sulfur dioxide,2.3,8,,N,
UN1080,Sulfur hexafluoride,2.2,,,N,
NA2448,"Sulfur, molten",9,,III,N,D
UN2448,"Sulfur, molten",4.1,,III,N,I
UN2418,Sulfur tetrafluoride,2.3,8,,N,
UN1829,"Sulfur trioxide, stabilized",8,6.1,I,N,+
UN1831,"Sulfuric acid, fuming with less than 30 percent free sulfur trioxide",8,,I,N,
UN1831,"Sulfuric acid, fuming with 30 percent or more free sulfur trioxide",8,6.1,I,N,
UN1832,"Sulfuric acid, spent",8,,II,N,
UN1830,Sulfuric acid with more than 51 percent acid,8,,II,N,
UN2796,Sulfuric acid with not more than 51% acid,8,,II,N,
UN1833,Sulfurous acid,8,,II,N,
UN1834,Sulfuryl chloride,6.1,8,I,N,+
UN2191,Sulfuryl fluoride,2.3,,,N,
UN1999,"Tars, liquid including road oils and cutback bitumens",3,,II,N,
UN1999,"Tars, liquid including road oils and cutback bitumens",3,,III,N,
UN1700,Tear gas candles,6.1,4.1,,N,
NA1693,"Tear gas devices with more than 2 percent tear gas substances, by mass",6.1,,I,N,D
NA1693,"Tear gas devices with more than 2 percent tear gas substances, by mass",6.1,,II,N,D
UN1693,"Tear gas substances, liquid, n.o.s",6.1,,I,Y,G
UN1693,"Tear gas substances, liquid, n.o.s",6.1,,II,Y,G
UN3448,"Tear gas substance, solid, n.o.s",6.1,,I,Y,G
UN3448,"Tear gas substance, solid, n.o.s",6.1,,II,Y,G
UN3284,"Tellurium compound, n.o.s",6.1,,I,Y,G
UN3284,"Tellurium compound, n.o.s",6.1,,II,Y,G
UN3284,"Tellurium compound, n.o.s",6.1,,III,Y,G
UN2195,Tellurium hexafluoride,2.3,8,,N,
UN2319,"Terpene hydrocarbons, n.o.s.",3,,III,Y,
UN2541,Terpinolene,3,,III,N,
UN2504,Tetrabromoethane,6.1,,III,N,
UN1702,"1,1,2,2-Tetrachloroethane",6.1,,II,N,
UN1897,Tetrachloroethylene,6.1,,III,N,
UN1704,Tetraethyl dithiopyrophosphate,6.1,,II,N,
UN1292,Tetraethyl silicate,3,,III,N,
UN2320,Tetraethylenepentamine,8,,III,N,
UN3159,"1,1,1,2-Tetrafluoroethane or Refrigerant gas R 134a",2.2,,,N,
UN1081,"Tetrafluoroethylene, stabilized",2.1,,,N,
UN1982,Tetrafluoromethane or Refrigerant gas R 14,2.2,,,N,
UN2498,"1,2,3,6-Tetrahydrobenzaldehyde",3,,III,N,
UN2056,Tetrahydrofuran,3,,II,N,
UN2943,Tetrahydrofurfurylamine,3,,III,N,
UN2698,Tetrahydrophthalic anhydrides with more than 0.05 percent of maleic anhydride,8,,III,N,
UN2410,"1,2,3,6-Tetrahydropyridine",3,,II,N,
UN2412,Tetrahydrothiophene,3,,II,N,
UN3423,"Tetramethylammonium hydroxide, solid",8,,II,N,
UN1835,Tetramethylammonium hydroxide solution,8,,II,N,
UN1835,Tetramethylammonium hydroxide solution,8,,III,N,
UN2749,Tetramethylsilane,3,,I,N,
UN0207,Tetranitroaniline,1.1D,,,N,
UN1510,Tetranitromethane,6.1,5.1,I,N,+
UN2413,Tetrapropylorthotitanate,3,,III,N,
UN0407,Tetrazol-1-acetic acid,1.4C,,,N,
UN0504,1H-Tetrazole,1.1D,,,N,
UN1857,"Textile waste, wet",4.2,,III,N,A I W
UN2573,Thallium chlorate,5.1,6.1,II,N,
UN1707,"Thallium compounds, n.o.s",6.1,,II,Y,G
UN2727,Thallium nitrate,6.1,5.1,II,N,
UN2785,4-Thiapentanal,6.1,,III,N,
UN2436,Thioacetic acid,3,,II,N,
UN2772,"Thiocarbamate pesticide, liquid, flammable, toxic, flash point less than 23 degrees C",3,6.1,I,N,
UN2772,"Thiocarbamate pesticide, liquid, flammable, toxic, flash point less than 23 degrees C",3,6.1,II,N,
UN3005,"Thiocarbamate pesticide, liquid, toxic, flammable, flash point not less than 23 degrees C",6.1,3,I,N,
UN3005,"Thiocarbamate pesticide, liquid, toxic, flammable, flash point not less than 23 degrees C",6.1,3,II,N,
UN3005,"Thiocarbamate pesticide, liquid, toxic, flammable, flash point not less than 23 degrees C",6.1,3,III,N,
UN3006,"Thiocarbamate pesticide, liquid, toxic",6.1,,I,N,
UN3006,"Thiocarbamate pesticide, liquid, toxic",6.1,,II,N,
UN3006,"Thiocarbamate pesticide, liquid, toxic",6.1,,III,N,
UN2771,"Thiocarbamate pesticides, solid, toxic",6.1,,I,N,
UN2771,"Thiocarbamate pesticides, solid, toxic",6.1,,II,N,
UN2771,"Thiocarbamate pesticides, solid, toxic",6.1,,III,N,
UN2966,Thioglycol,6.1,,II,N,
UN1940,Thioglycolic acid,8,,II,N,
UN2936,Thiolactic acid,6.1,,II,N,
UN1836,Thionyl chloride,8,,I,N,
UN2414,Thiophene,3,,II,N,
UN2474,Thiophosgene,6.1,,I,N,+
UN1837,Thiophosphoryl chloride,8,,II,N,
UN3341,Thiourea dioxide,4.2,,II,N,
UN3341,Thiourea dioxide,4.2,,III,N,
UN1293,"Tinctures, medicinal",3,,II,N,
UN1293,"Tinctures, medicinal",3,,III,N,
UN3174,Titanium disulphide,4.2,,III,N,
UN1871,Titanium hydride,4.1,,II,N,
UN2546,"Titanium powder, dry",4.2,,I,N,
UN2546,"Titanium powder, dry",4.2,,II,N,
UN2546,"Titanium powder, dry",4.2,,III,N,
UN1352,"Titanium powder, wetted with not less than 25 percent water (a visible excess of water must be present) (a) mechanically produced, particle size less than 53 microns; (b) chemically produced, particle size less than 840 microns",4.1,,II,N,
UN2878,Titanium sponge granules or Titanium sponge powders,4.1,,III,N,
UN1838,Titanium tetrachloride,6.1,8,I,N,+
UN2869,Titanium trichloride mixtures,8,,II,N,
UN2869,Titanium trichloride mixtures,8,,III,N,
UN2441,"Titanium trichloride, pyrophoric or Titanium trichloride mixtures, pyrophoric",4.2,8,I,N,
UN1294,Toluene,3,,II,N,
UN2078,Toluene diisocyanate,6.1,,II,N,+
UN1708,"Toluidines, liquid",6.1,,II,N,+
UN3451,"Toluidines, solid",6.1,,II,N,
UN1709,"2,4-Toluylenediamine, solid or 2,4-Toluenediamine, solid",6.1,,III,N,
UN3418,"2,4-Toluylenediamine solution or 2,4-Toluenediamine solution",6.1,,III,N,
UN0450,"Torpedoes, liquid fueled, with inert head",1.3J,,,N,
UN0449,"Torpedoes, liquid fueled, with or without bursting charge",1.1J,,,N,
UN0329,Torpedoes with bursting charge,1.1E,,,N,
UN0330,Torpedoes with bursting charge,1.1F,,,N,
UN0451,Torpedoes with bursting charge,1.1D,,,N,
UN3488,"Toxic by inhalation liquid, flammable, corrosive, n.o.s. with an LC50 lower than or equal to 200 ml/m3 and saturated vapor concentration greater than or equal to 500 LC50",6.1,"3,8",I,Y,G
UN3489,"Toxic by inhalation liquid, flammable, corrosive, n.o.s. with an LC50 lower than or equal to 1000 ml/m3 and saturated vapor concentration greater than or equal to 10 LC50",6.1,"3,8",I,Y,G
UN3381,"Toxic by inhalation liquid, n.o.s. with an LC50 lower than or equal to 200 ml/m3 and saturated vapor concentration greater than or equal to 500 LC50",6.1,,I,Y,G
UN3382,"Toxic by inhalation liquid, n.o.s. with an LC50 lower than or equal to 1000 ml/m3 and saturated vapor concentration greater than or equal to 10 LC50",6.1,,I,Y,G
UN3383,"Toxic by inhalation liquid, flammable, n.o.s. with an LC50 lower than or equal to 200 ml/m3 and saturated vapor concentration greater than or equal to 500 LC50",6.1,3,I,Y,G
UN3384,"Toxic by inhalation liquid, flammable, n.o.s. with an LC50 lower than or equal to 1000 ml/m3 and saturated vapor concentration greater than or equal to 10 LC50",6.1,3,I,Y,G
UN3385,"Toxic by inhalation liquid, water-reactive, n.o.s. with an LC50 lower than or equal to 200 ml/m3 and saturated vapor concentration greater than or equal to 500 LC50",6.1,4.3,I,Y,G
UN3386,"Toxic by inhalation liquid, water-reactive, n.o.s. with an LC50 lower than or equal to 1000 ml/m3 and saturated vapor concentration greater than or equal to 10 LC50",6.1,4.3,I,Y,G
UN3490,"Toxic by inhalation liquid, water-reactive, flammable, n.o.s. with an LC50 lower than or equal to 200 ml/m3 and saturated vapor concentration greater than or equal to 500 LC50",6.1,"4.3,3",I,Y,G
UN3491,"Toxic by inhalation liquid, water-reactive, flammable, n.o.s. with an LC50 lower or equal to 1000 ml/m3 and saturated vapor concentration greater than or equal to 10 LC50",6.1,"4.3,3",I,Y,G
UN3387,"Toxic by inhalation liquid, oxidizing, n.o.s. with an LC50 lower than or equal to 200 ml/m3 and saturated vapor concentration greater than or equal to 500 LC50",6.1,5.1,I,Y,G
UN3388,"Toxic by inhalation liquid, oxidizing, n.o.s. with an LC50 lower than or equal to 1000 ml/m3 and saturated vapor concentration greater than or equal to 10 LC50",6.1,5.1,I,Y,G
UN3389,"Toxic by inhalation liquid, corrosive, n.o.s. with an LC50 lower than or equal to 200 ml/m3 and saturated vapor concentration greater than or equal to 500 LC50",6.1,8,I,Y,G
UN3390,"Toxic by inhalation liquid, corrosive, n.o.s. with an LC50 lower than or equal to 1000 ml/m3 and saturated vapor concentration greater than or equal to 10 LC50",6.1,8,I,Y,G
UN3289,"Toxic liquid, corrosive, inorganic, n.o.s",6.1,8,I,Y,G
UN3289,"Toxic liquid, corrosive, inorganic, n.o.s",6.1,8,II,Y,G
UN3287,"Toxic liquid, inorganic, n.o.s",6.1,,I,Y,G
UN3287,"Toxic liquid, inorganic, n.o.s",6.1,,II,Y,G
UN3287,"Toxic liquid, inorganic, n.o.s",6.1,,III,Y,G
UN2927,"Toxic liquids, corrosive, organic, n.o.s.",6.1,8,I,Y,G
UN2927,"Toxic liquids, corrosive, organic, n.o.s.",6.1,8,II,Y,G
UN2929,"Toxic liquids, flammable, organic, n.o.s.",6.1,3,I,Y,G
UN2929,"Toxic liquids, flammable, organic, n.o.s.",6.1,3,II,Y,G
UN2810,"Toxic, liquids, organic, n.o.s.",6.1,,I,Y,G
UN2810,"Toxic, liquids, organic, n.o.s.",6.1,,II,Y,G
UN2810,"Toxic, liquids, organic, n.o.s.",6.1,,III,Y,G
UN3122,"Toxic liquids, oxidizing, n.o.s.",6.1,5.1,I,Y,G
UN3122,"Toxic liquids, oxidizing, n.o.s.",6.1,5.1,II,Y,G
UN3123,"Toxic liquids, water-reactive, n.o.s",6.1,4.3,I,Y,G
UN3123,"Toxic liquids, water-reactive, n.o.s",6.1,4.3,II,Y,G
UN3290,"Toxic solid, corrosive, inorganic, n.o.s",6.1,8,I,Y,G
UN3290,"Toxic solid, corrosive, inorganic, n.o.s",6.1,8,II,Y,G
UN3535,"Toxic solid, flammable, inorganic, n.o.s",6.1,,I,Y,G
UN3535,"Toxic solid, flammable, inorganic, n.o.s",6.1,4.1,II,Y,G
UN3288,"Toxic solid, inorganic, n.o.s.",6.1,,I,Y,G
UN3288,"Toxic solid, inorganic, n.o.s.",6.1,,II,Y,G
UN3288,"Toxic solid, inorganic, n.o.s.",6.1,,III,Y,G
UN2928,"Toxic solids, corrosive, organic, n.o.s.",6.1,8,I,Y,G
UN2928,"Toxic solids, corrosive, organic, n.o.s.",6.1,8,II,Y,G
UN2930,"Toxic solids, flammable, organic, n.o.s.",6.1,4.1,I,Y,G
UN2930,"Toxic solids, flammable, organic, n.o.s.",6.1,4.1,II,Y,G
UN2811,"Toxic solids, organic, n.o.s.",6.1,,I,Y,G
UN2811,"Toxic solids, organic, n.o.s.",6.1,,II,Y,G
UN2811,"Toxic solids, organic, n.o.s.",6.1,,III,Y,G
UN3086,"Toxic solids, oxidizing, n.o.s.",6.1,5.1,I,Y,G
UN3086,"Toxic solids, oxidizing, n.o.s.",6.1,5.1,II,Y,G
UN3124,"Toxic solids, self-heating, n.o.s.",6.1,4.2,I,Y,G
UN3124,"Toxic solids, self-heating, n.o.s.",6.1,4.2,II,Y,G
UN3125,"Toxic solids, water-reactive, n.o.s",6.1,4.3,I,Y,G
UN3172,"Toxins, extracted from living sources, liquid, n.o.s",6.1,,I,Y,G
UN3172,"Toxins, extracted from living sources, liquid, n.o.s",6.1,,II,Y,G
UN3172,"Toxins, extracted from living sources, liquid, n.o.s",6.1,,III,Y,G
UN3462,"Toxins, extracted from living sources, solid, n.o.s",6.1,,I,Y,G
UN3462,"Toxins, extracted from living sources, solid, n.o.s",6.1,,II,Y,G
UN3462,"Toxins, extracted from living sources, solid, n.o.s",6.1,,III,Y,G
NA0337,Toy Caps,1.4S,,,N,D
UN0212,Tracers for ammunition,1.3G,,,N,
UN0306,Tracers for ammunition,1.4G,,,N,
UN2609,Triallyl borate,6.1,,III,N,
UN2610,Triallylamine,3,8,III,N,
UN2764,"Triazine pesticides, liquid, flammable, toxic, flash point less than 23 degrees C",3,6.1,I,N,
UN2764,"Triazine pesticides, liquid, flammable, toxic, flash point less than 23 degrees C",3,6.1,II,N,
UN2998,"Triazine pesticides, liquid, toxic",6.1,,I,N,
UN2998,"Triazine pesticides, liquid, toxic",6.1,,II,N,
UN2998,"Triazine pesticides, liquid, toxic",6.1,,III,N,
UN2997,"Triazine pesticides, liquid, toxic, flammable, flash point not less than 23 degrees C",6.1,3,I,N,
UN2997,"Triazine pesticides, liquid, toxic, flammable, flash point not less than 23 degrees C",6.1,3,II,N,
UN2997,"Triazine pesticides, liquid, toxic, flammable, flash point not less than 23 degrees C",6.1,3,III,N,
UN2763,"Triazine pesticides, solid, toxic",6.1,,I,N,
UN2763,"Triazine pesticides, solid, toxic",6.1,,II,N,
UN2763,"Triazine pesticides, solid, toxic",6.1,,III,N,
UN2542,Tributylamine,6.1,,II,N,
UN3254,Tributylphosphane,4.2,,I,N,
UN1839,Trichloroacetic acid,8,,II,N,
UN2564,"Trichloroacetic acid, solution",8,,II,N,
UN2564,"Trichloroacetic acid, solution",8,,III,N,
UN2442,Trichloroacetyl chloride,8,6.1,II,N,+
UN2321,"Trichlorobenzenes, liquid",6.1,,III,N,
UN2322,Trichlorobutene,6.1,,II,N,
UN2831,"1,1,1-Trichloroethane",6.1,,III,N,
UN1710,Trichloroethylene,6.1,,III,N,
UN2468,"Trichloroisocyanuric acid, dry",5.1,,II,N,
UN1295,Trichlorosilane,4.3,"3,8",I,N,
UN2574,Tricresyl phosphate with more than 3 percent ortho isomer,6.1,,II,N,
UN2323,Triethyl phosphite,3,,III,N,
UN1296,Triethylamine,3,8,II,N,
UN2259,Triethylenetetramine,8,,II,N,
UN2699,Trifluoroacetic acid,8,,I,N,
UN3057,Trifluoroacetyl chloride,2.3,8,,N,
UN1082,"Trifluorochloroethylene, stabilized or Refrigerant gas R 1113",2.3,2.1,,N,
UN1984,Trifluoromethane or Refrigerant gas R 23,2.2,,,N,
UN3136,"Trifluoromethane, refrigerated liquid",2.2,,,N,
UN2035,"1,1,1-Trifluoroethane or Refrigerant gas, R 143a",2.1,,,N,
UN2942,2-Trifluoromethylaniline,6.1,,III,N,
UN2948,3-Trifluoromethylaniline,6.1,,II,N,
UN2324,Triisobutylene,3,,III,N,
UN2616,Triisopropyl borate,3,,II,N,
UN2616,Triisopropyl borate,3,,III,N,
NA9269,Trimethoxysilane,6.1,3,I,N,D
UN2416,Trimethyl borate,3,,II,N,
UN2329,Trimethyl phosphite,3,,III,N,
UN2438,Trimethylacetyl chloride,6.1,"8,3",I,N,
UN1083,"Trimethylamine, anhydrous",2.1,,,N,
UN1297,"Trimethylamine, aqueous solutions with not more than 50 percent trimethylamine by mass",3,8,I,N,
UN1297,"Trimethylamine, aqueous solutions with not more than 50 percent trimethylamine by mass",3,8,II,N,
UN1297,"Trimethylamine, aqueous solutions with not more than 50 percent trimethylamine by mass",3,8,III,N,
UN2325,"1,3,5-Trimethylbenzene",3,,III,N,
UN1298,Trimethylchlorosilane,3,8,II,N,
UN2326,Trimethylcyclohexylamine,8,,III,N,
UN2328,Trimethylhexamethylene diisocyanate,6.1,,III,N,
UN2327,Trimethylhexamethylenediamines,8,,III,N,
UN0216,Trinitro-m-cresol,1.1D,,,N,
UN0153,Trinitroaniline or Picramide,1.1D,,,N,
UN0213,Trinitroanisole,1.1D,,,N,
UN0214,"Trinitrobenzene, dry or wetted with less than 30 percent water, by mass",1.1D,,,N,
UN3367,"Trinitrobenzene, wetted, with not less than 10% water, by mass",4.1,,I,N,
UN1354,"Trinitrobenzene, wetted with not less than 30 percent water, by mass",4.1,,I,N,
UN0386,Trinitrobenzenesulfonic acid,1.1D,,,N,
UN0215,"Trinitrobenzoic acid, dry or wetted with less than 30 percent water, by mass",1.1D,,,N,
UN3368,"Trinitrobenzoic acid, wetted with not less than 10% water by mass",4.1,,I,N,
UN1355,"Trinitrobenzoic acid, wetted with not less than 30 percent water, by mass",4.1,,I,N,
UN0155,Trinitrochlorobenzene or Picryl chloride,1.1D,,,N,
UN3365,"Trinitrochlorobenzene (picryl chloride), wetted, with not less than 10% water by mass",4.1,,I,N,
UN0387,Trinitrofluorenone,1.1D,,,N,
UN0217,Trinitronaphthalene,1.1D,,,N,
UN0218,Trinitrophenetole,1.1D,,,N,
UN3364,"Trinitrophenol (picric acid), wetted, with not less than 10 percent water by mass",4.1,,I,N,
UN0154,"Trinitrophenol or Picric acid, dry or wetted with less than 30 percent water, by mass",1.1D,,,N,
UN1344,"Trinitrophenol, wetted with not less than 30 percent water, by mass",4.1,,I,N,
UN0208,Trinitrophenylmethylnitramine or Tetryl,1.1D,,,N,
UN0219,"Trinitroresorcinol or Styphnic acid, dry or wetted with less than 20 percent water, or mixture of alcohol and water, by mass",1.1D,,,N,
UN0394,"Trinitroresorcinol, wetted or Styphnic acid, wetted with not less than 20 percent water, or mixture of alcohol and water by mass",1.1D,,,N,
UN0388,Trinitrotoluene and Trinitrobenzene mixtures or TNT and trinitrobenzene mixtures or TNT and hexanitrostilbene mixtures or Trinitrotoluene and hexanitrostilnene mixtures,1.1D,,,N,
UN0389,Trinitrotoluene mixtures containing Trinitrobenzene and Hexanitrostilbene or TNT mixtures containing trinitrobenzene and hexanitrostilbene,1.1D,,,N,
UN0209,"Trinitrotoluene or TNT, dry or wetted with less than 30 percent water, by mass",1.1D,,,N,
UN3366,"Trinitrotoluene (TNT), wetted, with not less than 10 percent water by mass",4.1,,I,N,
UN1356,"Trinitrotoluene, wetted or TNT, wetted, with not less than 30 percent water by mass",4.1,,I,N,
UN2260,Tripropylamine,3,8,III,N,
UN2057,Tripropylene,3,,II,N,
UN2057,Tripropylene,3,,III,N,
UN2501,"Tris-(1-aziridinyl)phosphine oxide, solution",6.1,,II,N,
UN2501,"Tris-(1-aziridinyl)phosphine oxide, solution",6.1,,III,N,
UN0390,Tritonal,1.1D,,,N,
UN2196,Tungsten hexafluoride,2.3,8,,N,
UN1299,Turpentine,3,,III,N,
UN1300,Turpentine substitute,3,,I,N,
UN1300,Turpentine substitute,3,,II,N,
UN1300,Turpentine substitute,3,,III,N,
UN2330,Undecane,3,,III,N,
UN3507,"Uranium hexafluoride, radioactive material, excepted package, less than 0.1 kg per package, non-fissile or fissile-excepted",6.1,"7,8",I,N,
UN1511,Urea hydrogen peroxide,5.1,8,III,N,
UN0220,"Urea nitrate, dry or wetted with less than 20 percent water, by mass",1.1D,,,N,
UN3370,"Urea nitrate, wetted, with not less than 10 percent water by mass",4.1,,I,N,
UN1357,"Urea nitrate, wetted with not less than 20 percent water, by mass",4.1,,I,N,
UN2058,Valeraldehyde,3,,II,N,
UN2502,Valeryl chloride,8,3,II,N,
UN3285,"Vanadium compound, n.o.s",6.1,,I,Y,G
UN3285,"Vanadium compound, n.o.s",6.1,,II,Y,G
UN3285,"Vanadium compound, n.o.s",6.1,,III,Y,G
UN2443,Vanadium oxytrichloride,8,,II,N,
UN2862,"Vanadium pentoxide, non-fused form",6.1,,III,N,
UN2444,Vanadium tetrachloride,8,,I,N,
UN2475,Vanadium trichloride,8,,III,N,
UN2931,Vanadyl sulfate,6.1,,II,N,
UN3166,"Vehicle, flammable gas powered or Vehicle, fuel cell, flammable gas powered",9,,,N,
UN3166,"Vehicle, flammable liquid powered or Vehicle, fuel cell, flammable liquid powered",9,,,N,
UN1301,"Vinyl acetate, stabilized",3,,II,N,
UN1085,"Vinyl bromide, stabilized",2.1,,,N,
UN2838,"Vinyl butyrate, stabilized",3,,II,N,
UN1086,"Vinyl chloride, stabilized",2.1,,,N,
UN2589,Vinyl chloroacetate,6.1,3,II,N,
UN1302,"Vinyl ethyl ether, stabilized",3,,I,N,
UN1860,"Vinyl fluoride, stabilized",2.1,,,N,
UN1304,"Vinyl isobutyl ether, stabilized",3,,II,N,
UN1087,"Vinyl methyl ether, stabilized",2.1,,,N,
UN1303,"Vinylidene chloride, stabilized",3,,I,N,
UN3073,"Vinylpyridines, stabilized",6.1,"3,8",II,N,
UN2618,"Vinyltoluenes, stabilized",3,,III,N,
UN1305,Vinyltrichlorosilane,3,8,II,N,
UN0370,"Warheads, rocket with burster or expelling charge",1.4D,,,N,
UN0371,"Warheads, rocket with burster or expelling charge",1.4F,,,N,
UN0286,"Warheads, rocket with bursting charge",1.1D,,,N,
UN0287,"Warheads, rocket with bursting charge",1.2D,,,N,
UN0369,"Warheads, rocket with bursting charge",1.1F,,,N,
UN0221,"Warheads, torpedo with bursting charge",1.1D,,,N,
UN3129,"Water-reactive liquid, corrosive, n.o.s.",4.3,8,I,Y,G
UN3129,"Water-reactive liquid, corrosive, n.o.s.",4.3,8,II,Y,G
UN3129,"Water-reactive liquid, corrosive, n.o.s.",4.3,8,III,Y,G
UN3148,"Water-reactive liquid, n.o.s.",4.3,,I,Y,G
UN3148,"Water-reactive liquid, n.o.s.",4.3,,II,Y,G
UN3148,"Water-reactive liquid, n.o.s.",4.3,,III,Y,G
UN3130,"Water-reactive liquid, toxic, n.o.s",4.3,6.1,I,Y,G
UN3130,"Water-reactive liquid, toxic, n.o.s",4.3,6.1,II,Y,G
UN3130,"Water-reactive liquid, toxic, n.o.s",4.3,6.1,III,Y,G
UN3131,"Water-reactive solid, corrosive, n.o.s",4.3,8,I,Y,G
UN3131,"Water-reactive solid, corrosive, n.o.s",4.3,8,II,Y,G
UN3131,"Water-reactive solid, corrosive, n.o.s",4.3,8,III,Y,G
UN3132,"Water-reactive solid, flammable, n.o.s.",4.3,4.1,I,Y,G
UN3132,"Water-reactive solid, flammable, n.o.s.",4.3,4.1,III,Y,G
UN2813,"Water-reactive solid, n.o.s",4.3,,I,Y,G
UN2813,"Water-reactive solid, n.o.s",4.3,,II,Y,G
UN2813,"Water-reactive solid, n.o.s",4.3,,III,Y,G
UN3133,"Water-reactive, solid, oxidizing, n.o.s",4.3,5.1,II,Y,G
UN3133,"Water-reactive, solid, oxidizing, n.o.s",4.3,5.1,III,Y,G
UN3135,"Water-reactive solid, self-heating, n.o.s.",4.3,4.2,I,Y,G
UN3135,"Water-reactive solid, self-heating, n.o.s.",4.3,4.2,II,Y,G
UN3135,"Water-reactive solid, self-heating, n.o.s.",4.3,4.2,III,Y,G
UN3134,"Water-reactive solid, toxic, n.o.s",4.3,6.1,I,Y,G
UN3134,"Water-reactive solid, toxic, n.o.s",4.3,6.1,II,Y,G
UN3134,"Water-reactive solid, toxic, n.o.s",4.3,6.1,III,Y,G
UN1306,"Wood preservatives, liquid",3,,II,N,
UN1306,"Wood preservatives, liquid",3,,III,N,
UN1387,"Wool waste, wet",4.2,,III,N,A I W
UN3342,Xanthates,4.2,,II,N,
UN3342,Xanthates,4.2,,III,N,
UN2036,"Xenon, compressed",2.2,,,N,
UN2591,"Xenon, refrigerated liquid (cryogenic liquids)",2.2,,,N,
UN1307,Xylenes,3,,II,N,
UN1307,Xylenes,3,,III,N,
UN2261,"Xylenols, solid",6.1,,II,N,
UN3430,"Xylenols, liquid",6.1,,II,N,
UN1711,"Xylidines, liquid",6.1,,II,N,
UN3452,"Xylidines, solid",6.1,,II,N,
UN1701,"Xylyl bromide, liquid",6.1,,II,N,
UN3417,"Xylyl bromide, solid",6.1,,II,N,
UN1512,Zinc ammonium nitrite,5.1,,II,N,
UN1712,Zinc arsenate or Zinc arsenite or Zinc arsenate and zinc arsenite mixtures,6.1,,II,N,
UN1435,Zinc ashes,4.3,,III,N,
UN2469,Zinc bromate,5.1,,III,N,
UN1513,Zinc chlorate,5.1,,II,N,
UN2331,"Zinc chloride, anhydrous",8,,III,N,
UN1840,"Zinc chloride, solution",8,,III,N,
UN1713,Zinc cyanide,6.1,,I,N,
UN1931,Zinc dithionite or Zinc hydrosulfite,9,,III,N,
UN2855,Zinc fluorosilicate,6.1,,III,N,
UN1514,Zinc nitrate,5.1,,II,N,
UN1515,Zinc permanganate,5.1,,II,N,
UN1516,Zinc peroxide,5.1,,II,N,
UN1714,Zinc phosphide,4.3,6.1,I,N,
UN1436,Zinc powder or Zinc dust,4.3,4.2,I,N,
UN1436,Zinc powder or Zinc dust,4.3,4.2,II,N,
UN1436,Zinc powder or Zinc dust,4.3,4.2,III,N,
UN2714,Zinc resinate,4.1,,III,N,
UN2858,"Zirconium, dry, coiled wire, finished metal sheets, strip (thinner than 254 microns but not thinner than 18 microns)",4.1,,III,N,
UN2009,"Zirconium, dry, finished sheets, strip or coiled wire",4.2,,III,N,
UN1437,Zirconium hydride,4.1,,II,N,
UN2728,Zirconium nitrate,5.1,,III,N,
UN0236,"Zirconium picramate, dry or wetted with less than 20 percent water, by mass",1.3C,,,N,
UN1517,"Zirconium picramate, wetted with not less than 20 percent water, by mass",4.1,,I,N,
UN2008,"Zirconium powder, dry",4.2,,I,N,
UN2008,"Zirconium powder, dry",4.2,,II,N,
UN2008,"Zirconium powder, dry",4.2,,III,N,
UN1358,"Zirconium powder, wetted with not less than 25 percent water (a visible excess of water must be present) (a) mechanically produced, particle size less than 53 microns; (b) chemically produced, particle size less than 840 microns",4.1,,II,N,
UN1932,Zirconium scrap,4.2,,III,N,
UN1308,Zirconium suspended in a liquid,3,,I,N,
UN1308,Zirconium suspended in a liquid,3,,II,N,
UN1308,Zirconium suspended in a liquid,3,,III,N,
UN2503,Zirconium tetrachloride,8,,III,N,
